name,param,unit,expr,evidence
tank,-,flag,"if legs.leg_type == 3 { 1 } else { 0 }",AcCtrlParamCalc.lua line 835: Scr_IsTank picks the booster stats from the legs
boost_power,-,booster stat,"if tank > 0 { legs.tank_boost_power } else { booster.power }",Lua lines 823/838 BOOST_POWER
std_burn_eff,-,booster stat,"if tank > 0 { legs.tank_std_burn_eff } else { booster.std_burn_eff }",Lua lines 825/840 BST__STD_BURN_EFF
hi_output,-,booster stat,"if tank > 0 { legs.tank_hi_output } else { booster.hi_output }",Lua lines 826/841 BST__HI_OUTPUT
hi_burn_eff,-,booster stat,"if tank > 0 { legs.tank_hi_burn_eff } else { booster.hi_burn_eff }",Lua lines 827/842 BST__HI_BURN_EFF
total_weight,71,weight,head.weight + core.weight + arms.weight + legs.weight + fcs.weight + gene.weight + booster.weight + armwep_r.weight + armwep_l.weight + hanger_r.weight + hanger_l.weight + back_r.weight + shoulder.weight,Lua lines 851-864: Scr_GetPartsParam slots 0-6 10 11 15 16 12 14 id 101
leg_capability,83,weight,total_weight - legs.weight,Lua lines 867-868: the build weight the legs carry
weight_ratio,84,ratio,leg_capability / legs.payload,Lua lines 871-873 weight_capability_radito
weight_correct_rate,85,multiplier,"(if weight_ratio < 1 { 1 - (1 - legs.max_load_downer) * weight_ratio * weight_ratio } else { legs.max_load_downer + legs.max_load_downer / legs.move_limit * (1 - weight_ratio) }).max(0.01)","Lua lines 876-887: falls with the square of the load ratio up to the payload, then linearly past it"
move_stability,86,multiplier,(new_ac_behavior.stability_base + legs.stability / 10000) * (new_ac_behavior.stability_raise - (new_ac_behavior.stability_reference - head.balance) / 10000),Lua lines 891-895
stability_from_leg,87,multiplier,move_stability * (0.95 + legs.move_stab_eff / 10000),Lua lines 898-900
fly_eff_a,-,per weight,(1 - new_ac_behavior.fly_weight_10000) / -8000,Lua line 910
fly_eff_b,-,multiplier,1 - 5000 * fly_eff_a,Lua line 913
fly_eff,88,multiplier,fly_eff_a * total_weight + fly_eff_b,Lua lines 917-918 totalweight_fly_eff
friction_eff,110,multiplier,1 + (1 - fly_eff) * new_ac_behavior.fly_friction_rate,Lua lines 921-922 totalWeigthFrictionEff
walk_speed,1,km/h,(legs.walk / 100 * weight_correct_rate * stability_from_leg).max(15),Lua lines 934-937 (MIN_WALK_SPEED 15)
turn_speed,2,deg/s,(legs.turn / 100 * stability_from_leg * weight_correct_rate).max(10),Lua lines 940-943 (MIN_TURN_SPEED 10)
walk_acc,3,(m/frame)/s,legs.torque / new_ac_behavior.torque_to_walk_accel * weight_correct_rate * stability_from_leg,Lua lines 946-947
lospeed_brake,4,multiplier,new_ac_behavior.brake_low_speed + legs.brake * friction_eff / 20000,Lua lines 950-953
hispeed_brake,5,multiplier,new_ac_behavior.brake_high_speed + legs.brake * friction_eff / 13000,Lua lines 956-957
brake_sw_speed,6,km/h,walk_speed * (1 + legs.brake / 10000),Lua lines 960-961
jump_v_base,-,(m/frame)/s,legs.jump / new_ac_behavior.jump_to_vertical * stability_from_leg * weight_correct_rate * fly_eff,Lua line 964
jump_v_speed,7,(m/frame)/s,"if tank > 0 { jump_v_base / 30 } else { jump_v_base.max(20) }",Lua lines 967-972 (MIN_JUMP_SPEED 20)
jump_h_acc,8,(m/frame)/s,legs.jump / new_ac_behavior.jump_to_horizontal * stability_from_leg * weight_correct_rate * fly_eff,Lua lines 975-976
boost_speed_scale,-,multiplier,1 + (legs.walk / 100 - 50) / 120,Lua line 979 boostMoveMaxSpeedScale
boost_max_speed,9,km/h,(boost_speed_scale * boost_power * fly_eff * weight_correct_rate * move_stability / 100).max(20),Lua lines 982-984 (MIN_BOOST_SPEED 20)
boost_acc,10,(m/frame)/s,core.en_conductivity / 100 * fly_eff * std_burn_eff / 10000,Lua lines 987-989
boost_gravity,11,"gravity multiplier","(legs.std_gravity - boost_acc * 1000 * legs.std_gravity / new_ac_behavior.boost_zero_gravity_accel).max(0.001)","Lua lines 992-994. 360 builder 0x82821af0 struct[0x18] (+0x60, Lua param 11); the air boost (360 movement vtable 0x8208fea0 slot +0x2c 0x828234f0, also +0x4c 0x82824750, the kicks and the quick boost, all reading +0x64 and writing +0x284) copies it to +0x284, which the vertical step 0x8281f960 multiplies gravity by while airborne until landing (slot +0x8 0x828253d0 resets it to 1 through 0x82820390). Xenia probe private/xenia/vertical.txt (360 0x82824078 r4+0x284): 0.022 with boosters on in the air (design 5010 computes 0.0217), back to 1.0 the frame they are turned off; it scales gravity only once the vertical speed is negative (rising: -0.050 per frame, falling: -0.0011 = 0.050 x 0.022)"
glide_max_speed,12,km/h,(boost_speed_scale * (hi_output / 150) * fly_eff * weight_correct_rate * move_stability).max(100),Lua lines 997-999 levitate_max_speed (MIN_LEVITATE_SPEED 100)
glide_acc,13,(m/frame)/s,core.en_conductivity / 100 * fly_eff * hi_burn_eff / 800,Lua lines 1002-1003 levitate_acc
air_drag_boost,69,fraction,2 * (core.en_conductivity / 100) * fly_eff * std_burn_eff / 300000 + new_ac_behavior.air_drag_base,Lua lines 1050-1051 airRegistance_BoostOn
boost_accel_divisor,48,divisor,legs.boost_accel_divisor,Lua line 1108
walk_max_tick,-,m/frame,"walk_speed * 1000 / 216000","360 builder 0x82821af0 struct[2] (+0x8) = param 1 x 1000/216000 (km/h to m per 1/60 s frame); movement slot +0x100 (0x82826028) compares the horizontal speed (+0x260/+0x268) with it (object +0xc) directly"
walk_acc_tick,-,"m/frame per tick","walk_acc / 60","360 builder 0x82821af0 struct[0] = param 3 x 1/60 (0x82004408). Xenia probe private/xenia/move_tick.txt: the 360 integrator 0x82822ea0 runs once per 1/30 s game frame and adds the acceleration once (0.073 m/frame per frame from a stop; caller scales 0x82820ef0 and +0x328 are 1.0), that is 2 x this value for the AC flown (design 5010, walk_acc_tick 0.0365, walk_max_tick 0.2397 = the probed cap), so the per-frame step equals two 1/60 s ticks"
turn_rate,-,rad/s,turn_speed.to_radians(),"360 builder 0x82821af0 struct[3] (+0xc) = param 2 x deg-to-rad (0x8371c0e8) x 0x8286a178 (the turn modifier, 1 without one)"
brake_switch_tick,-,m/frame,"brake_sw_speed * 1000 / 216000","360 builder 0x82821af0 struct[0x1d] (+0x74) = param 6 x 1000/216000; movement slot +0xfc (0x82825ff8) tests speed >= it (object +0x78) for the high-speed brake"
lospeed_brake_tick,-,"m/frame per tick","lospeed_brake / 60","360 builder 0x82821af0 struct[0x20] (object +0x84) = param 4, picked by 0x8281f2b8 below brake_switch_tick (x surface +0x344 into +0x1f0). On frames without a move action the movement update 0x82824078 brakes on the ground: 0x82822a58 gives +0x1f0 x surface x slope (+0x32c; 1 on flat ground), the caller takes x 1/60, and 0x8281e620 takes that off the horizontal speed x 60 x dt per tick"
hispeed_brake_tick,-,"m/frame per tick","hispeed_brake / 60","360 builder 0x82821af0 struct[0x1f] (object +0x80) = param 5, picked by 0x8281f2d8 and by every frame start (movement slot +0x4, 0x8281fac0); applied as lospeed_brake_tick"
air_drag_tick,-,"fraction per tick",new_ac_behavior.air_drag,"360 builder 0x82821af0 struct[0x17] (object +0x60, from the global behaviour param +0x3f8); the movement update 0x82824078 picks it in the air with boost mode off through 0x8281f450 (air_drag_boost_tick, object +0x5c, with it on)"
over_max_decel_tick,-,fraction per tick,new_ac_behavior.over_max_decel,"360 movement +0x88; 0x82822ea0 applies it while moving above the current max (walk, boost, air boost), else adds the acceleration and clamps the speed to that max"
jump_rise_tick,-,"m/frame per tick","jump_v_speed / 60","360 builder 0x82821af0 struct[0x6a] (+0x1a8) = param 7 x 0x8286a1d0 (the jump modifier, 1 without one) x 1/60. Xenia probe private/xenia/vertical.txt (360 0x82bfa9f0 entity +0x134 vertical speed): a full jump reaches 0.713-0.715 m/frame within one 1/30 s frame (2 ticks), a quick tap 0.159; about 11 m rise. Design 5010 (the AC flown) gives 0.7148, so 2 jump_frames x jump_accel_tick = this value; whether hold time scales it smoothly is unseen"
jump_accel_tick,-,"m/frame per tick","jump_rise_tick * 0.5","The jumps (360 movement slots +0x20 / +0x24 / +0x28: 0x828227b0, 0x828227f0, 0x828228a0) call 0x828210c8, which calls slot +0x18 (0x8281f4c8) with dt x 0.5 / dt; that adds it times struct[0x6a] (object +0x1ac) to the vertical acceleration; the vertical step 0x8281f960 adds the acceleration x 60 x dt per tick for jump_frames ticks, with no cap"
jump_h_acc_tick,-,"m/frame per tick","jump_h_acc / 60","360 builder 0x82821af0 struct[4] (+0x10) = param 8 x 1/60"
jump_frames,-,ticks,"if tank > 0 { new_ac_behavior.jump_accel_frames_tank } else { new_ac_behavior.jump_accel_frames }",NewAcBehavior 403/404 labels: jump acceleration frames for non-tank and tank legs
boost_max_tick,-,m/frame,"boost_max_speed * 1000 / 216000","360 builder 0x82821af0 struct[1] (+0x4) (and struct[0xe] / [0x12] through 0x82869c08) = param 9 x 1000/216000"
boost_acc_tick,-,"m/frame per tick","boost_acc / 60","0x82869c08 struct[0xd] and 360 builder 0x82821af0 struct[0x11] (+0x44) = param 10 x 1/60"
air_drag_boost_tick,-,"fraction per tick","air_drag_boost / boost_accel_divisor","360 builder 0x82821af0 struct[0x16] (+0x58) = param 69 / param 48; on frames without a move action the movement update 0x82824078 takes it in the air with boost mode on (0x8281f450) and 0x8281e750 scales the horizontal speed by 1 - it per tick"
glide_max_tick,-,m/frame,"glide_max_speed * 1000 / 216000","360 builder 0x82821af0 struct[0x24] (+0x90) = param 12 x 1000/216000; the glide (movement slot +0x34, 0x8281f540, sets state 4 at +0x1b8) copies struct[0x22..0x2a] (9 words from object +0x8c) into its working block (+0x28c) for 0x8281ea30"
glide_acc_tick,-,"m/frame per tick","glide_acc / 60","360 builder 0x82821af0 struct[0x28] (+0xa0) = param 13 x 1/60; 0x8281ea30 adds it x 60 x dt per tick along the stick while the EN check of struct[0x29] (+0xa4, Lua param 56) x dt passes"
gravity_tick,-,"m/frame per tick","new_ac_behavior.gravity / 60","360 builder 0x82821af0 struct[0x69] (+0x1a4) = global behaviour param +0x374 x 1/60; the vertical step 0x8281f960 subtracts it once per tick. Xenia probe private/xenia/vertical.txt (360 0x82bfa9f0 entity +0x134): -0.050 m/frame per 1/30 s frame = 2 x 1.5 / 60, so it really runs per tick; height at entity +0x104 moves 2 x the vertical speed per frame"
boost_gravity_tick,-,"m/frame per tick","gravity_tick * boost_gravity","The vertical step 0x8281f960 multiplies gravity by +0x284 after an air boost (see boost_gravity), only while the vertical speed is negative (Xenia probe private/xenia/vertical.txt)"
fall_max_tick,-,m/frame,"new_ac_behavior.fall_max_speed * 1000 / 216000","360 builder 0x82821af0 struct[0x19] (+0x64) = global behaviour param +0x3f0 x 1000/216000. Not reached in the Xenia vertical probe (fastest fall 0.735 m/frame)"
