slot,table,column,category,prefix,parent,socket,root,orient,evidence
legs,AC_ASSEMBLY_DESIGN_ST,legs,3,lg,none,none,kosi,none,"anchor: legs stand on the ground and kosi (hip) is the root bone of 140 of 141 leg models"
core,AC_ASSEMBLY_DESIGN_ST,core,1,cr,legs,bone:kosi,core,none,"the core's root bone joins the legs' kosi bone; 360 joint name strings (head 0x820267e0, l_kata 0x82044f40, r_kata 0x82044f30, kosi 0x8204a134, core 0x820267d8): head l_kata r_kata kosi core"
head,AC_ASSEMBLY_DESIGN_ST,head,0,hd,core,4,head,none,"cr0230 dummy 4 sits on top of core_01 facing up; every head's root bone is named head. Not an acattachinfo record, so it stays translation-only"
arm_l,AC_ASSEMBLY_DESIGN_ST,arms,2,am,core,5,l_kata,1,"cr0230 dummies 5/6 sit at x=+/-1.275 facing out; am7410's l_kata lands on dummy 5 of a core rooted at y=3.621. acattachinfo (param/acattachinfo.bin, flag switch 360 0x8288cea0) record (1,5,2,1,""1""): flag 1, child bone l_kata"
arm_r,AC_ASSEMBLY_DESIGN_ST,arms,2,am,core,6,r_kata,0,"mirror of arm_l. acattachinfo (1,6,2,0,""2""): flag 0, child bone r_kata"
weapon_r,AC_ASSEMBLY_DESIGN_ST,armwep_r,10,hr,arm_r,3,3,2,"am0410 dummy 3 sits on r_armhand; hr models' root bone is named 3. acattachinfo (2,3,10,2,""3"",0x0129): flag 2"
weapon_l,AC_ASSEMBLY_DESIGN_ST,armwep_l,10,hl,arm_l,1,1,2,"am0410 dummy 1 sits on l_armhand; hl models' root bone is named 1. acattachinfo (2,1,11,2,""1"",0x0129): flag 2"
hanger_r,AC_ASSEMBLY_DESIGN_ST,hanger_r,10,hr,arm_r,81,3,0,"rack hgr0001 (fixed model, root bone 81) lands on the arm's dummy 81 with this flag. acattachinfo (2,81,17,0,""81"",0x0100). The hanger weapon then lands on the rack's dummy 87, root bone 3, flag 4: acattachinfo (17,87,10,4,""3"",0x0028). Flag 4 (0x8288a058) points the weapon's local -Z, its barrel, along the socket forward; dummy 87's forward is +Y. The rack clip then pitches that bone (hanger_anim.csv), so the stowed gun is not vertical"
hanger_l,AC_ASSEMBLY_DESIGN_ST,hanger_l,10,hl,arm_l,80,1,1,"rack hgl0001 (fixed model, root bone 80) lands on the arm's dummy 80 with this flag. acattachinfo (2,80,18,1,""80"",0x0100). The hanger weapon then lands on the rack's dummy 85, root bone 1, flag 4: acattachinfo (18,85,11,4,""1"",0x0028). Same flag-4 basis as hanger_r; dummy 85's forward is +Y"
booster_l,AC_ASSEMBLY_DESIGN_ST,booster,6,bs,core,8,l_boost;l2_boost,3,"l_boost lands on core dummy 8 (back, +Z). l2_boost lands on dummy 25 (front, -Z). acattachinfo (1,8,6,3,""l_boost"") and (1,25,6,3,""l2_boost""); flag 3 at 360 0x8288cea0 maps the nozzle (local -Y) onto the socket forward. 31 cores have no dummy 25/26 (cr0230, cr04xx, cr05xx, cr06xx, cr1010, cr2230, cr2410, cr2430, cr2510, cr2520, cr2620, cr3010, cr4010): no record attaches, and 0x8288db60 (category 6 only) calls model vtable 0x82044bec slot 8 = 0x8258aed8 (bone, 0, children) -> 0x82c92688, which clears the draw bit of every mesh on that bone, so l2_boost is not drawn. Vtable from private/xenia/boost_front.jsonl"
booster_r,AC_ASSEMBLY_DESIGN_ST,booster,6,bs,core,9,r_boost;r2_boost,3,"mirror of booster_l: r_boost on dummy 9, r2_boost on dummy 26, hidden when the core has no 26 (0x8288db60). acattachinfo (1,9,6,3,""r_boost"") and (1,26,6,3,""r2_boost"")"
shoulder,AC_ASSEMBLY_DESIGN_ST,shoulder,12,sh,core,50,*,none,"core dummy 50 is the single back-centre socket (cr0230 0/4.77/1.74) and ow models' root bone is named 50; sh models have one root named after the model at (or within 0.08 of) the origin and 76 of 88 are x-symmetric. acattachinfo flag 5 is not applied: the |axis|>=1 branch is still unread"
