name,unit,expr,evidence
behavior_id,row,0,"360 AC setup 0x828bdb48 builds the AC camera (0x188 bytes, stored at AC+0x250) and calls 0x8285f300, which fetches row id 0 of param table 0x2a (0x8285e198 -> 0x8285db18) and hands it through 0x8285e790 to the camera controller at AC+0xd78 (vtable 0x820958d0 slot 0 = 0x83193648: stw r4,0x10(r3)). Table 0x2a is accambehaviorparam: 0x8285ef48 reads that row at 0x1c/0x20/0x24 + 0x38 on the ground and 0x34..0x40 in the air (the LookAtFollowRate X/F/B and FlyLookAtFollowRate X/Y/F/B offsets), then scales by 0x8c EyeFollowDelayRate when the AC's turn speed passes 0x88 DelayAngleVelocity. Its debug view draws the camera's eye at +0xc (視点) and look-at at +0x1c (注視点); the 360 debug-view function is not located"
offset_id,row,"motioncollate row with arms_motion_id 0, legs_motion_id = legs.legs_motion_id, ow_motion_id 0 -> camera_param_id","The motioncollate row whose arms/legs/ow motion ids (bytes 1..3) match the AC is picked by the collate loader (360 AcMotion_loadCollate 0x8249e840, matched by instruction pattern); 0x8249ea38 copies its u16 +0x3e camera_param_id; AC setup 0x828bdb48 looks that id up in table 0x38 (accameraoffsetparam, li 0x38 at 0x828be264) and passes the 36-byte row to the controller ctor 0x8285e1a0, which keeps three copies (+0x70 / +0x94 / +0xc0) that are lerped field by field (360 lerp not traced). Without an OW: legs motion 10/11/12/13/14/18 -> rows 0/10/20/30/30/40. Controller slot 0x4c (0x8285dd50: addi r3,r3,0xc0) returns the lerped copy at +0xc0; CamCtrl_place 0x8285ff28 reads it for the eye inputs"
eye_dist,m,"max(eased + offset.eye_dist_offset, offset.eye_min_dist); eased goes linearly toward action.eye_distance when above 0.001 (else behavior.eye_dist) over action.eye_fade_in_frame / 60 s, set outright on the first frame","360 CamCtrl_place 0x8285ff28 reads the offset row through controller slot 0x4c at +0x0 (EyeOffsetYOffsetRate), +0x4, +0x8 and +0x14 (EyeOffsetXOffsetRate); +0x18 FollowOffsetY (カメラが自機に近づくときのオフセット高さ, 3.5 on row 0) is not read there and is not applied. 0.001 at 0x820ba68c. Standing (row 0) EyeDistance 16 -> 21 m. TurnCenterDist (blender+0xc0) equals EyeDistance in every row the runtime selects, so the turn-weight blend is left out. CamCtrl_place 0x8285ff28 fills the eye inputs: [5] = offset EyeDistOffset (+0x4), [6] = offset EyeMinDist (+0x8); with no offset row, the global camera param +0x418 / +0x41c (0x82330c38(0x82332018(), 0)). 0x8285f928 then uses dist = |w| x blender+0x18 + (1 - |w|) x blender+0xc0 + [5], raised to [6] (360 0x8285e5e0 / 0x8285dfb0). blender+0x18 is the eased EyeDist of 0x8285f1a8 (AcCameraAction EyeDistance +0x48 when above 0.001, else accambehaviorparam EyeDist +0x10); with no action both terms are EyeDist. Row 0 + offset row 0: max(14 + 5, 6) = 19 m. Controller slot 0x44 (0x8285d490) swaps [6] for a constant; when it is set is unread"
eye_height,m,behavior.eye_height,"0x8285f1a8 (with its caller, the camera-action ease): AcCameraAction EyeHeight (+0x4c) when above 0, else accambehaviorparam EyeHeight (+0xc); 0 on row 0. CamCtrl_placeEye 0x8285fe18 adds EyeHeight x |w| + TurnHeight x (1 - |w|) to the eye's y (0x8285df40), with w the blender's turn weight (+0x90) and TurnHeight AcCameraAction +0x58 (EyeHeight again with no action)"
look_at_height,m,"behavior.look_at_height above the waist (clip bone center)","LookAtHeight 注視点の高さ(腰から), 1.4 m on row 0. 0x8285fba0 adds (0, LookAtHeight, 0) in world axes to the base transform's position. An earlier runtime memory capture (standing after spawn, nothing pressed): AC root (-324.65, 28.2451, 649.5) facing -X; camera world matrix rows (-0.006, 0, 1), (-0.0025, 1, 0), (-1, -0.0025, -0.006), eye (-303.65, 36.2048, 655.5). The view slopes 0.0025 down and 0.006 sideways are the 2.5 m lift and 6 m shift added after look_at_far, so the eye before them is at y 33.7048 = 32.3048 + 1.4, where 32.3048 (root + 4.06) is the y of the AC's bone TRS records (with the AC's yaw quaternion). So the base point is the waist, as the label says. The runtime takes the clip bone center's world position (4.55 m above the root on design 5001's idle; the captured AC is another build). Xenia re-check pending (docs/status.md)"
base_transform,-,"RotY(behavior.eye_angle_y) x RotX(pitch) x RotY(yaw_offset) x AC root","Controller slot 8 (360 0x8285e830), row vectors: R = rotation about Y by EyeAngleY (+0x14) x pi/180 (0x8371c0e8); N = AC slot 0x64 (0x828b2850: AC+0xbc's slot 0xc4); L = N's slot 0x28, inverted; A = AC slot 0x5c (0x828b8810: AC+0xbc's slot 0x98); G = N's world matrix (0x829909f8: N+0x80's +0x10 if set, else N+0x10). Products A x inverse(L), x G, R x that, written out by 0x8237f358. So it is N's world matrix with N's own local L swapped for A. An earlier runtime memory capture, paused at entry with the default camera: N = chr+4, where chr = AC+0xbc and chr slot 0xc4 is `lwz r3,4(r3)`. N+0x10 is a TRS record (translation, quaternion, scale), not a matrix: (-324.65, 28.2451, 649.5), (0, 0.7071, 0, 0.7071) pure yaw, scale 1. N's slot 0x28 returns N+0x10, so L = TRS(N), and G (N+0x80's +0x10) holds the same values, so inverse(L) x G = identity. Its y is the lowest of the AC's position copies; the others sit 4.06 / 7.5 / 25 m higher (waist and bounds). The camera's own matrix in that capture shows the placed point is the waist copy instead (see look_at_height); which factor carries the waist offset (likely M) is unread. A = AC slot 0x5c = M x TRS(N), where M = an AC+0x234 slot = rotation about X by AC+0x234 +0x5c and rotation about Y by +0x4. EyeAngleY is 0 on row 0; yaw offset +0x4 is 0 for the player. So base = RotX(pitch) x AC root (column vectors in the runtime). Xenia re-check pending (docs/status.md)"
pitch,rad,"each 60 Hz tick: vel = vel x (1 - 0.4) + look x 0.007; angle += vel; clamp to +-1.2217305 and zero vel when clamped. look is command float 8 in [-1, 1], positive looks up. Angle holds when the stick is released","AC+0x234 component update (360 address pending), called from the AC update 0x828bef18. Command buffer floats live at buf+0x30+4i. Index 9 (buf+0x54) is a target angle: default 2 pi, written by the AI/script path (a vtable slot 0xc8 setter), which never fires for the player. When index 9 is the sentinel, index 8 (buf+0x50) is integrated: acc = look x (block+0x18 x block+0x44) = look x 0.007, then a damped step with k = block+0x48 = 0.4 and the quadratic term 0, so each tick vel = 0.6 x vel + 0.007 x look. Caller then angle += vel x dt x 60 and clamps to block+0x50 / +0x4c = +-1.2217305 rad (+-70 deg), zeroing vel at the stop. The setter (slot 0x20) clamps look to [-1, 1]. An earlier runtime capture looking at the sky read +0x5c = 0.5489 rad (31 deg), velocity ~0. Not applied: the target-angle path (index 9), invert-Y option, the 10 deg step at block+0x54 used when state is 1. 360 addresses and a Xenia re-check pending (docs/status.md)"
look_at_offset_x,m,behavior.look_at_offset_x,"LookAtOffsetX 注視点の補正位置X; 0 on row 0. 0x8285fba0 moves the base point by -row0 x LookAtOffsetX, rebuilds the matrix, then by -row2 x LookAtOffsetX: both reads are +0x4 (getter 0x8285d5f0, called twice). Runtime: local (-x, 0, -x), assuming the game's local X maps to the model's +X"
look_at_offset_z,m,unused,"LookAtOffsetZ 注視点の補正位置Z (+0x8); 0 on row 0. 0x8285fba0 reads +0x4 for both offsets (getter 0x8285d5f0) and never +0x8; no other reader found"
fov_deg,deg,"behavior.fov_angle + action offset: on a camera-action change the old row's FovFadeFrame / 60 fades the offset, then a row with FovEnable starts it from its current value to FovMaxAngle - fov_angle over FovMaxFrame / 60 s, holds FovKeepFrame / 60 s (-1 = for good) and falls to 0 over FovFadeFrame / 60 s","CamCtrl_update 360 0x82860100 (per-frame camera update): when controller slot 0x48 (camera_action) changes and table 0x26 (accameraaction) has the row, 0x8285d110 fades the envelope at camera+0x84 (vtable 0x82095888, slot 1 = 0x82c1b200) by the old row's FovFadeFrame and 0x8285d028 starts it (0x82c1b268: from = out while active else 0, to = controller slot 0x14(FovMaxAngle) - behavior+0x18, frames x 1/60 at 0x82004408). Slot 0x14 (0x8285e418) returns the angle unchanged outside one special mode (0xc). Slot 0 (0x82c1b328 over 0x82c1b108) steps it each frame: out = from + (to - from) x t / rise while rising, then to x level. camera+0x54 = out reaches the camera effects as block+0x48, which set the view FOV to behavior+0x18 + block+0x48 (0x82bf76e0). Row 0 FovAngle 45; stop / walk / turn / landing 45, flight / boost 50, quick boost / wall jump 60, hover 70; every row keeps -1"
follow_rate,-,"eye: camera_action row eye_follow_rate x/y/f/b per axis where >= 0.01, else behavior (eye_follow_rate_x, fly_eye_follow_rate_y, eye_follow_rate_f, eye_follow_rate_b) on the ground, fly_eye_follow_rate x/y/f/b in the air; look-at: (look_at_follow_rate_x, fly_look_at_follow_rate_y, look_at_follow_rate_f, look_at_follow_rate_b) / fly_look_at_follow_rate x/y/f/b","Per-frame update CamCtrl_update 0x82860100 (called from the AC update 0x828bef18) writes the camera's targets and rates (only while a check on AC+0x1104 holds; its 360 address is pending); controller slot 8 (0x8285e830) is only the base transform (AC model transforms rotated by EyeAngleY). Eye rates x/y/f/b go to camera +0x2c..+0x38: AcCameraAction EyeFollowRate X/Y/F/B (+0x74..0x80) where each is at least 0.01 (0x8285d610, 0.01 at 0x820026d0), else on the ground behavior 0x28 / 0x48 / 0x2c / 0x30 and in the air 0x44 / 0x48 / 0x4c / 0x50. Look-at rates go to +0x3c..+0x48 from 0x8285ef48 (see behavior_id). Both are eased over CamFollowRateInterpolateFrame (+0x120) by the interpolator 0x82c1b428 and zeroed while controller slot 0x30 (0x8285d3c0) is set. Ground y rates come from the Fly*FollowRateY fields (0x48 / 0x38) in both cases. Look-at rates are multiplied by EyeFollowDelayRate (+0x8c) when |N+0x140| (the AC's turn velocity) passes DelayAngleVelocity (+0x88); row 0 has rate 1, so this is a no-op there and the runtime leaves it out (units of N+0x140 unread)"
follow_rate_blend,s,"each rate: when its target changes, from = current, t = 0; t = min(t + dt, CamFollowRateInterpolateFrame / 60); rate = from + (target - from) x t / duration; all rates start at 0","Interpolator 360 0x82c1b428 (r3 = {from, value, to, target, t, duration} at +0x0..+0x14, f1 = target, f2 = frames, f3 = frame time; 14 callers in the camera code): it multiplies frames by 1/60 (0x82004408), restarts from the current value when the target differs, clamps t to the duration and lerps; with duration 0 it jumps. The per-frame update eases the look-at rates at camera +0xc0/+0xd8/+0xf0/+0x108 and the eye rates at +0x124/+0x13c/+0x154/+0x16c, then copies each +4 value to the camera rates +0x2c..+0x48. The interpolators start zeroed and nothing seeds them, so on the first update each rate climbs from 0 over 0.5 s (row 0: 30 frames). The runtime resets them when piloting starts. The 360 init of the six words is not traced"
follow_ease,-,"each frame: target slides from last frame's target in dt x 60 steps; per step, gap = target - shown in the AC's local axes, shown += rate x gap per axis (x, y, front when local z < 0 else back); partial step uses 1 - (1 - rate)^t; first frame snaps; each step also moves shown by shake x t along local x / y","Traced with a breakpoint run on the AC block getter (360 AC slot 0xd0), which caught one caller: message 0x44 sent by the camera-effects update CamFx_update 0x82bfb748, frame time in f1. Its state 0 (CamFx_stateFollow 0x82bfb238, from the state table at 0x8371e068) adds a shake offset and a lerped y offset to the block's eye / look-at, then calls CamFx_ease 0x82bf9148(this, block, dt): the first time (this+0x60 = 0) it copies eye / look-at to this+0x20 / +0x30 and the targets to +0x40 / +0x50; after that it runs CamFx_easeStep 0x82bfbb68 for the eye (block+0, last target this+0x40, shown this+0x20, rates block+0x20..+0x2c) and for the look-at (block+0x10, this+0x50, this+0x30, rates +0x30..+0x3c), then stores the targets. The step: frames = dt x 60, step = (target - last) / frames; floor(frames) whole steps then one partial (pow 0x83271028). Each step maps the gap into the frame of the entity's vtable slot 0x88 matrix (renormalised and inverted), scales x by rate[0], y by rate[1], z by rate[2] if z < 0 else rate[3], adds the side offset this+0xb4 / +0xb8 when this+0x278 is set, and maps back. The view comes from this+0x20 / +0x30. The side offset this+0xb4 / +0xb8 is the camera shake (see shake; this+0x278 is set at init); the rate scaling at this+0x11c is delay_follow. The runtime's frame is the AC root rotation. Xenia re-check pending (docs/status.md)"
camera_action,row,"idle 0, walk / dash 2, turn 3, landing 9, jump / rise / fall / air move 8; in boost mode every action but 0, 19, 26, 27, 41-45 and 50 becomes 38 on the ground, 39 in the air","Controller slot 0x48 (360 0x8285e500, vtable 0x820958d0) gives the accameraaction row id: 90 (?????) while AC+0xdb4 is set, else 0x8285db68 over the AC's own action (built by 0x8285dd58): with boost mode on (slot 8) and the action not 0 / 0x13 / 0x1a / 0x1b / 0x29..0x2d / 0x32 it returns 0x26 + (slot 0xc == 0). Overweapon ids (+0x5a, slot 0x18) and sniper 0x28 -> 0x31 are left out. The runtime maps its states by row name (??, ??, ????, ????????, ??, ??????????? / ???); glide shows as boost on the ground and the take-off as flight, unverified (the AC's own action ids are unread). A change takes effect only when accameraaction has the row (0x8285d178 = table 0x26 lookup)"
shake,m,"offset = wave(phase, ShakeMoveAmpl, ShakeMoveFreq) x weight, phase += dt while weight > 0 else phase = 0; weight = action.ShakeNoMoveRate, or clamp(NoMoveRate + AccelRate x (accel - AccelMin) / (AccelMax - AccelMin), 0, 1) when AccelMin < AccelMax, accel = |frame-to-frame change of horizontal velocity| x 216; wave per axis with freq > 0: a = 2 pi phase / freq wrapped to (-pi, pi], a x 2/pi up to pi/2, 2 - a x 2/pi up to pi, a x 2/pi - 3 below 0","Camera-effects update 360 0x82bfb748 calls 0x82bfab38(this+0xb4, dt, block, behavior row, entity) before the state function; the ease 0x82bf9148 passes this+0xb4 / +0xb8 to every step (0x82bfbb68) of both eye and look-at, which adds offset x t to the rate-scaled local gap. Weight: block+0x40 = camera+0x4c, written by 0x82860100 from the action row at camera+0xb4 (+0x30 ShakeNoMoveRate, +0x34 ShakeAccelRate, +0x38 / +0x3c AccelMin / Max; accel from controller slot 4 = entity+0x130 velocity frame to frame, x 216 at 0x82090f20). Wave 0x82bf8cc0 (constants pi/180, 360, 2 pi, pi, pi/2, 3 pi/2, 2/pi, 2 and 3 at 0x820b4d38). Behavior row 0: ampl 0.02 / 0.01 m, freq 0.03 / 0.003 s; weights: boost on the ground 1, flight / boost in the air 0.5, stop / walk / turn / landing / quick boost 0; only hover has AccelMin < AccelMax. The runtime takes accel per 60 Hz tick. Not applied: impact (block+0x44 = camera+0xb8, set by camera message 0x68 and cleared each frame: timer = ShakeImpactTime x clamp((v - ShakeImpactAccelMin) / (Max - Min), 0, 1), then offset += wave(ImpactTime - t, ShakeImpactAmpl, ShakeImpactFreq) x t / ImpactTime as the timer runs down; sender unread), foot step (block+0x5c = camera+0x68: a bit newly set in camera+0xbc mask 0x0f000000 by camera message 0x69, one per leg, while controller slot 0x38 (0x8285e498) accepts the last action 1 / 2 / 3 / 101-103; same run-down over ShakeFootStepTime with ShakeFootStepAmpl / Freq, row 0 0 / 0.15 m, 0 / 0.07 s; sender unread), earlier emulator breakpoints on the 0x68 / 0x69 handlers (360 table 0x83713b70, filled by 0x836cad88) never fired through walking, landings and hits (Xenia re-check pending (docs/status.md)); and three message-driven shakes at this+0xe0 / +0xfc / +0xc8 (0x82bf9de0, 0x82bf9ee8, 0x82bf8f00)"
delay_follow,-,no effect in free play; not applied,"Two paths. EyeFollowDelayRate: see follow_rate (row 0 rate 1). Camera-effects state change 360 0x82bf7608: entering state 0 starts the envelope at this+0x11c (vtable 0x820898d8; rise 1.5 s, hold 0, fall 0) and while it runs (this+0x134) the ease scales all eight rates by 0.1 + 0.9 x level (0x82bf9148; 0.9 at 0x8201ef6c, 0.1 at 0x820f49cc); leaving state 0 also sets an AC flag 0.1 s later. The state (this+0x64: 0 follow, 1 / 2 views at the AC 0x82bfb458 / 0x82bfb5d8, table at 0x8371e068) changes only through 0x82bf77e8 from the request at this+0x2fc, which nothing but init (0x82bf76f8) writes. Row 0's DelayFollowStart / Max / Keep / StableFrame (+0x54..+0x60) are all 0; their readers are unsearched"
z_tilt,rad,"side = -dot(AC row0, velocity) x 216 (km/h); target = 0 over ZTiltEndInterpolateFrame / 60 s when |side| <= ZTiltStartXSpeed or start >= ZTiltMaxXSpeed, else sign(side) x min(1, (|side| - start) / (max - start)) over ZTiltInterpolateFrame / 60 s; roll = MaxZTiltAngle x deg2rad x blended target","CamFx_zTilt 360 0x82bf8830, called each frame from camera-effects state 0 (CamFx_stateFollow 0x82bfb238) after the ease driver: velocity = entity+0x130 (m/tick; x 216 = 60 x 3.6 at 0x82090f20), axis = row 0 of the entity's slot 0x2c matrix, dot with the negated axis. Behavior offsets +0x7c / +0x80 / +0x84 and bytes +0x122 / +0x123. The blend at this+0x284 is the linear interpolator of follow_rate_blend (frames x 1/60); because the target moves every frame it restarts each frame. Roll = row+0x84 x deg-to-rad (0.017453) x this+0x288, handed to the view builder. Row 0: 50 / 300 km/h, 20 deg, 40 / 20 frames. Which way the view rolls for a positive angle (the view builder uses VMX) is unverified: the runtime rotates the camera about its local Z by +roll"
dash_inv,m,unread,"切返し (turnaround) offset, CamFx_dashInversion 360 0x82bf8ac8(this+0x70, block+0x54, entity, row), called first in state 0; this+0x80 is added to the eye and look-at. When block+0x54 is set: vel(this+0x70) = DashInvRate (+0xa4) x p, p = (-row0 of the entity matrix) x dot(-row0, (v.x, 0, v.z)), v = entity+0x130. Every frame: offset(this+0x80) += vel, then vel and offset x= DashInvDecay (+0xa8), per frame (not dt scaled). block+0x54 = camera+0x60 (block = camera+0xc), set by CamCtrl_update 0x82860100 for one frame when bit 31 of camera+0xbc first appears; bit 31 is set by camera message 0x66 (handler table 0x83713b70, filled by 0x836cad88 with 0x8285cf48 / 0x8285cf68 / 0x8285cf88 / 0x8285cfb0 for 0x66-0x69). Who sends message 0x66 to the camera is unread (message ids are per receiver). An earlier emulator breakpoint on the handler entry never fired through boosts and quick boosts in every direction, so the player never triggers it in free movement. Not applied. Xenia re-check pending (docs/status.md)"
side_moving,m,"not used by the player: offset stays 0. When set it eases toward (SideMovingAt, SideMovingEye) by 1 - (1 - SideMovingRate)^(dt x 60), else toward 0 by 1 - (1 - SideMovingRevRate)^(dt x 60), added to look-at / eye y","360 0x82bf7878(f1 = this+0x27c dt, this+0x90, block+0x58, behavior), called by camera-effects state 0 (0x82bfb2e8) after dash inversion; then this+0x90 is added to block+0x14 (look-at y) and this+0x94 to block+4 (eye y). Rates +0xb4 / +0xb8 apply as 1 - (1 - r)^(dt x 60) (0x83271028 = pow, 60 at 0x8200fce0) when r < 1. Disc names: SideMovingAt ???:????????, SideMovingEye ???:???????, rates ????? / ?????; row 0: -2.4, -6.4, 0.005, 0.04. block+0x58 = camera+0x64 = bit 29 of camera+0xbc, which the per-frame update 0x82860100 latches and then clears every frame, so the flag needs message 0x67 every frame. Handler 0x8285cf68 (table built by 0x836cad88 at 0x83713b70; sets bit 29 when bit 28 is set). Who sends it is unread: the li 0x67 hits in AC code (e.g. 0x828f5480) are param lookups through 0x8293b690, not camera messages.. an earlier emulator breakpoint on that handler never fired while strafing (user check; Xenia re-check pending (docs/status.md)), so it is not applied"
eye_floor,m,"target eye.y = max(eye.y, water_y + WaterStopYOffset) after placement, where water_y is the first water-layer hit of a ray straight down from root.y + 50 to root.y - 50 at the AC; no clamp on a miss","360 0x8285fe18 / 0x8285cfe0: eye y is raised to at least controller slot 0xc + behavior +0x11c water_stop_y_offset. Slot 0xc (0x8285d390) reads the AC+0xd9c object (vtable 0x8209c7c0, slot 0xc 0x82844f90 returns +0xc; ctor 0x828c3e58 sets it to -FLT_MAX). +0xc is written only by 0x828c3fc0, fed AC+0xf28 by the AC update 0x828bef18. AC+0xf28 comes from 0x82890308 via 0x829e8fb8 -> 0x829e7d68 -> 0x829e7be0: a vertical ray at the AC x/z from y+R to y-R (R = 50.0, initialized data at 0x8371914c with no writers) with collision filter 0x200002 (ground probe 0x829e7b68 uses 0x100002), returning the hit y or -999999 (0x8200e170) on a miss. The param name says this is the water surface. 0x8285fe18 clamps the placed target eye (called from 0x8285ff28 after eye height), before the ease; the other use of block+0x64 (0x82bfaef0 from state 0) runs only on the turnaround flag. The runtime rays the map .hmd mesh (and --water Y still adds a water plane). Checked on test planes: water 2 raises the idle eye from 1.4 to 7.0 m. That the 0x200002 layer is water is from the param name only"
look_at_far,m,1000,"360 CamCtrl_placeEye 0x8285fe18 calls 0x82860960 (constant 0x82095920 = 1000), which sets look-at = eye + 1000 x normalize(look-at - eye) before the eye offsets are added, so eye_lift and eye_height move the eye with the view nearly level"
eye_lift,m,"eye.y += eased x offset.eye_offset_y_offset_rate after look_at_far; eased goes linearly toward action.eye_offset_y (0 without an action) over action.eye_fade_in_frame / 60 s, set outright on the first frame","360 CamCtrl_placeEye 0x8285fe18: eye.y += 0x8285e030(blender) x input[2], input[2] = offset row +0x0 EyeOffsetYOffsetRate (1.0 on row 0; global camera param +0x414 without a row), then + EyeHeight term (0x8285df40), then the water floor. The blender value is AcCameraAction EyeOffsetY eased over EyeFadeInFrame, restarted on an action change, snapped on its first update (0x8285f1a8 / 0x8285e058). Standing row 0: EyeOffsetY 2.5, so the idle eye is 1.4 + 2.5 = 3.9 m above the waist, 21 m back (earlier runtime capture: 36.2048 = waist 32.3048 + 3.9; Xenia re-check pending (docs/status.md))"
eye_shift,m,"eye += AC right x eased x side x offset.eye_offset_x_offset_rate after look_at_far; eased goes toward action.eye_offset_x like eye_lift; side starts at +1 (eye to the AC's right, AC on the screen's left) and goes linearly toward sign over action.turn_offset_move_frame / 60 s (120 frames without an action); in rows with b_trun_move_enable a nonzero turn sets sign = +1 turning right, -1 turning left","360 CamCtrl_placeEye 0x8285fe18: eye -= row x 0x8285dfe8(blender) x input[1], input[1] = offset row +0x14 EyeOffsetXOffsetRate. 0x8285dfe8 = blender+0x78 x eased(+0x44) of 0x8285d858 = controller slot 0x28 (0x8285d430: controller +0x3c, taken as 1) x action +0x40 EyeOffsetX. blender+0x74 is an interpolator (value +0x78) that 0x8285dd78 steps toward +0xc4 over action +0x5c TurnOffsetMoveFrame (0x83713b68 = 120 without an action); when action +0x5e bTrunMoveEnable is set, +0xc4 = +1 or -1 by the sign of clamp(-(controller slot 0x1c = controller +0x18), -1, 1) when nonzero (0x8285d9f0, 0x82419df0 / 0x828607f0). The blender ctor 0x8285e630 sets +0xc4 and both interpolators to 1. Runtime capture (see look_at_height): eye 6.0 m off the root along the AC's side at spawn. User check in an emulator run: the AC shows left of centre after spawn and moves to the other side when turning left. Controller +0x18 is taken as the turn input (its writer is unread); the +0x8c turn weight (eased to 1) is left out since TurnCenterDist = EyeDistance and TurnHeight = EyeHeight = 0 in every row the runtime selects (not in 24 / 49 / 90 / 190)"
eye_place,m,"F.y >= 0: H.xz = F.xz + (normalize(F.x, 0, F.z) - F).xz x (1 - EyeApproachRate), H.y = EyeDownRate x F.y, eye = P - dist x H, look_at = eye + dist x F; else see eye_forward_shift","0x8285fba0 picks a branch on the base transform's forward F = -row2: F.y >= 0 (level or looking up, 見上げ) -> 0x8285f928, else 0x8285f990. 0x8285f928: eye = P - dist x H (0x8285f080) with H.xz = F.xz + (normalize(F.x, 0, F.z) - F).xz x (1 - EyeApproachRate) and H.y = EyeDownRate x F.y; look-at = eye + dist x F (0x82860a20), which is P when level. P is the base point after look_at_height / look_at_offset_x. The rates come from the offset row (+0x1c / +0x20) when there is one, else behavior +0x94 / +0x98 (getters 0x8285d580 / 0x8285d5a0). Offset row 0: approach 0.3, down 1. Applied now that pitch can raise F.y"
eye_forward_shift,m,"d = normalize(F.x, 0, F.z) x (-asin(F.y) / (pi/2)); eye = P - F x dist + EyeForwardLength x d; look_at = P + AtForwardLength x d","0x8285f990 (looking-down branch of 0x8285fba0, 見下し). d is 0x8285f420: asinf(-F.y) / (deg2rad 0x8371c0e8 x 90 0x820146d0) times the flattened F. Row 0 EyeForwardLength is 0, AtForwardLength is 2"
frame_time,s,"1/30 (30 fps)","Xenia probe private/xenia/blur_rate.txt (360, 2449 frames, 82 s of play): CamFx_update 0x82bfb748 gets f1 = 0.03333 every frame and is called every 33.3 ms; the summed f1 (82.15 s) matches host time (82.07 s), so the emulator ran at full speed and this is the game's rate"
speed_blur,-,"each 1/30 s game frame (once per CamFx_update): h = ramp(|v.xz| x 216, BlurStartSpeed, BlurMaxSpeed), vt = ramp(|v.y| x 216, BlurStartSpeedV, BlurMaxSpeedV) with ramp(s, a, b) = (s - a) / (b - a) when s > a and a < b else 0; i += (clamp(h + vt, 0, 1) x action.BlurRate - i) x BlurIntpRate, clamp i to 0..1; filter alpha = clamp(trunc(BlurAlpha x i), 0, 255), offset = BlurOffset x i, thin = BlurThinPow x i, no-effect size = (BlurNoEffectSizeX, BlurNoEffectSizeY)","CamCtrl_update 360 0x82860100 copies the camera action row's BlurRate (+0x50, 0 without a row) to camera+0x58 = block+0x4c. CamFx_update 0x82bfb748 calls 0x82bfa9f0(this+0x98, f1 = block+0x4c, r6 = entity, r7 = behavior row; f2 = block+0x50 is overwritten unused). 0x82bf9c98 takes entity+0x130 (m/tick) x 216 (0x82090f20) against behavior +0xc0 / +0xc4 (horizontal) and +0xc8 / +0xcc (vertical; |v.y|), sums the two ramps (each unclamped) and clamps to 0..1. 0x82bfa9f0: this+0xa0 += (ramp x BlurRate - this+0xa0) x +0xbc BlurIntpRate, per call and not scaled by dt, then clamped to 0..1; writes byte +0 = clamp(fctiwz(+0xd4 BlurAlpha x i), 0, 255), +4 = +0xd0 BlurOffset x i, +0xc = +0x124 BlurThinPow x i, +0x10 / +0x14 = +0x128 / +0x12c no-effect size. 0x82bf9028 (from 0x827dcba0 after CamFx_update) -> 0x82bf8c20 copies it to the filter block 0x83a8b1e0 + 0x660: +0xc offset, +0x10 alpha, +0x14 1.0, +0x18 thin, +0x1c / +0x20 no-effect, +0x24..+0x2c 0 (centre), +0x30 1.0, +0x34 = i > 0, +0x38 = 1; at i = 0 alpha 0, thin 1, no-effect (0.7, 0.5). Row 0: rate 0.15, 80 / 300 km/h both ways, offset 5.16, alpha 255, thin 0.77, no-effect 0.8 x 0.6. BlurRate: stop / walk / turn / landing 0, flight / boost 4, quick boost 9, hover 6. BlurCenterThin (+0xd8, -1 on row 0) is not read on this path. Rate (Xenia probe private/xenia/blur_rate.txt, 82 s of play): 0x82bfa9f0 runs exactly once per CamFx_update 0x82bfb748 on the same thread, and CamFx_update gets f1 = 1/30 s every frame, so the ease steps 30 times a second (the runtime still steps per 60 Hz tick). Probed BlurRate (f1 at 0x82bfa9f0): 0 still / walking, 4 boosting, and 2 for about 0.8 s of a run that included firing; no state above has rate 2. this+0xbc read 0 every call, so BlurIntpRate 0.15 is read from the behavior row, not this"
speed_blur_draw,-,"pixels inside the centre rectangle |ndc| <= no-effect size are copied; elsewhere ramp = max((|x| - nx) / (1 - nx), (|y| - ny) / (1 - ny)), w = saturate(thin x ramp x |ndc|), colour = mix(c0, mean of the 10 taps uv - k x ndc x (offset / 1280) x w for k = 0..9, alpha / 255)","Filter manager 360 0x82bbb328 lists m_ZoomBlur as its 7th filter. Its draw 360 0x82c98368 (shader ids relative to the first pixel shader, table 0x8371e978 entry 0x0c): skips when trunc(alpha x +0x54) <= 9; +0x34 = 0 projects a world centre (+0x24), else takes +0x24 / +0x28 as the NDC centre, clamped to +-(+0x4c, +0x50). With +0x38 = 0 one full-screen ZoomBlur_ZoomBlurPS (0x50); with +0x38 set (the camera path) ZoomBlur_ZoomBlurNoPS (0x52) over the centre rectangle (uv origin ((1 - nx) / 2, (1 - ny) / 2), size nx x ny), then ZoomBlur_ZoomBlurHiPS (0x51) over four frame quads (16 vertices, stride 0x20) whose outer corners carry z = +0x18 thin and inner corners 0, so z is linear from the rectangle edge to the screen edge in each quad. Constants (0x82c97ff8): c28 = (+0xc / source width, +0x14, alpha / 255, 0); alpha < 255 also sets blend factor alpha. PS3 shader/filter_shader.bnd entries 156-158 (RSX fragment programs, private/tmp/rsxfp.py): NoPS = tex0 at TEX0; HiPS: d = TEX1.xy, w = saturate(TEX1.z x |d|), taps TEX0 - k x d x U1.x x w for k = 0..9, x 0.1, then mix with the centre tap by U0.z; ZoomBlurPS: 5 taps x 0.2 with w = saturate(|d| x (1 - U2.y) + U1.y). TEX1 is assumed to be the vertex NDC (the vertex program is not decoded), sampled toward the centre, and the source width is taken as 1280"
lock_on,,none: lock-on does not move the camera,"lang/en/text/menu/manual.fmg (Using Weapons and Lock-on): ""You will lock-on to an enemy when they appear within the lock-on sights in the middle of your screen""; no button or camera behaviour is listed, and accambehaviorparam / accameraaction have no lock-on fields. The camera changes the manual names are ready-position weapons (first-person view while steadying) and scan mode, both waiting on weapons / scan"
