path,check,evidence
model/ene/ene_template/ene_template_m.bnd.dcx,binder.unexplained_byte,"header file_count is 0 and headers_end 0, but a stale 4-entry table (offsets 0, name offsets 0x80..0xB7: ene_template_m.mlb, ene_template.flv, ene_template_b.flv, ene_template_s.smd) and its names follow; the game reads it as an empty binder"
model/obj/obj_template/obj_template_m.bnd.dcx,binder.unexplained_byte,"same stale 4-entry template table as ene_template_m.bnd.dcx with file_count 0"
model/map/m7540/m7540_l.tpf.dcx#10,texture.size,"m0200_006: format code 0 (bc1) 128x128 x8 levels, but 21872 bytes stored = exactly the 16-byte-block chain; the bc1 chain is the first 10936 bytes"
model/map/m7540/m7540_l.tpf.dcx#123,texture.size,"second copy of m0200_006 in the same pack with the same 21872-byte payload"
model/map/m7770/m7770_l.tpf.dcx#8,texture.size,"m3230_env+c cube map: 4176 bytes = exactly 6 unpadded 696-byte faces; the other 65 cube maps pad faces to 128 bytes"
model/ac/parts/hand/hl0010/hl0010_m.bnd.dcx|hl0010.flv,model.unreadable,"pending: FLVER2 0x20007 (header index size 16, unicode 0, unk4c 0xFFFF): one 32-bit strip face set, vertex buffer with vertex_size 0, and the texture table sits where 0x2000F puts layouts; 3 files use this variant"
model/ac/parts/hand/hr0010/hr0010_m.bnd.dcx|hr0010.flv,model.unreadable,"pending: FLVER2 0x20007 variant, same layout as hl0010.flv"
model/ac/parts/leg/lg0411/lg0411_m.bnd.dcx|lg0411.flv,model.unreadable,"pending: FLVER2 0x20007 variant, same layout as hl0010.flv"
model/break/b0100/b0100_m.bnd|b0100.flv,model.unreadable,"pending: FLVER0 version 0x12 (pre-FLVER2 layout); 5 break models use FLVER0 versions 0x11/0x12/0x14"
model/break/b8920/b8920_m.bnd|b8920.flv,model.unreadable,"pending: FLVER0 version 0x11"
model/break/b9000/b9000_m.bnd|b9000.flv,model.unreadable,"pending: FLVER0 version 0x11"
model/break/b9001/b9001_m.bnd|b9001.flv,model.unreadable,"pending: FLVER0 version 0x14"
model/break/b9002/b9002_m.bnd|b9002.flv,model.unreadable,"pending: FLVER0 version 0x12"
model/ac/motion/ow_motion/ow0110_acv_4/ow0110_acv_4_a.bnd.dcx,motion.bone_count,"only a01_240.ani: 69 bones against the 64-bone named skeleton; no named clip of that size anywhere in the set (skeleton source unknown)"
model/ac/motion/ow_motion/ow0110_acv_4/ow0110_acv_4_la.bnd.dcx,motion.bone_count,"same a01_240.ani as ow0110_acv_4_a.bnd.dcx (69 bones against 64)"
model/ac/motion/ow_motion/ow0110_acv_t/ow0110_acv_t_a.bnd.dcx,motion.bone_count,"same a01_240.ani shape as ow0110_acv_4 (69 bones against 64)"
model/ac/motion/ow_motion/ow0110_acv_t/ow0110_acv_t_la.bnd.dcx,motion.bone_count,"same a01_240.ani shape as ow0110_acv_4 (69 bones against 64)"
model/ac/parts/hand/hl0360/hl0360_a.bnd.dcx,motion.bone_count,"only a00_052.ani: 2 bones against the 3-bone named skeleton"
model/ac/parts/hand/hl0363/hl0363_a.bnd.dcx,motion.bone_count,"only a00_052.ani: 2 bones against the 3-bone named skeleton (as hl0360)"
model/ac/parts/hand/hr0360/hr0360_a.bnd.dcx,motion.bone_count,"only a00_052.ani: 2 bones against the 3-bone named skeleton (mirror of hl0360)"
model/ac/parts/hand/hr0363/hr0363_a.bnd.dcx,motion.bone_count,"only a00_052.ani: 2 bones against the 3-bone named skeleton (mirror of hl0363)"
model/ene/e9120/e9120_a.bnd.dcx,motion.bone_count,"one unnamed clip with 33 bones against the 34-bone named skeleton"
model/ene/e4040/e4040_a.bnd.dcx,motion.skeleton_mismatch,"two named 167-bone clips disagree on names or parents; which one unnamed clips index is unknown"
model/cam/cam_a.bnd,motion.unreadable,"cam035.ani bone Camera01 uses track kind 3 (16-byte rows, camera only); layout not yet derived"
model/ene/e2080/e2080_a.bnd.dcx,motion.unreadable,"older 0x20051014 clip a00_048 keys frame 70 in a 60-frame clip"
model/ene/e2091/e2091_a.bnd.dcx,motion.unreadable,"older 0x20051014 clip: key frame 65336 (-200 as i16) suggests signed frames; unverified"
model/ene/e5050/e5050_a.bnd.dcx,motion.unreadable,"older 0x20051014 clips: key frames 65176 (-360 as i16) and 200 past a 60-frame clip"
model/ene/e6011/e6011_a.bnd.dcx,motion.unreadable,"older 0x20051014 clip: key frame 30 in a 1-frame clip"
model/ene/e9001/e9001_a.bnd.dcx,motion.unreadable,"33 older 0x20051014 clips carry a non-zero header word 0x04 (0x14 0x17 0x82 0x14b -30 ...); meaning unknown"
model/menu/menu9999/menu9999_a.bnd.dcx,motion.unreadable,"older 0x20051014 clip: key frame 65476 (-60 as i16) in a 60-frame clip"
model/poly/s300_020.bnd,motion.unreadable,"cut007_cam.ani camera bone uses track kind 3 (as cam035.ani in cam_a.bnd); layout not yet derived"
