action,role,slots,status,evidence
14,node container,param-37 nodes (top-level action or a node's children slot),inferred,"top-level action of f0000300/f0001218; also the children slot of 2101 [8]"
79,node container,one param-37 node,inferred,"top-level action of f0000440; empty children slot of most 2101 nodes"
2101,static node,"[0] life s (<0 = forever) [3] delay [4] appearance [5] transform [6] motion [8] children",inferred,"f0001218 node 2: life 0.0833 with model 61 / light 24 / sprite 107 / billboard 59 children"
2102,static node,same as 2101,inferred,"same slot shapes as 2101 in the ffxbnd survey"
2020,spawner,"[0] life [4] delay [5] emissions (-1 = forever) [6] interval (0 = once) [7] copies per emission [8] child node [9] emitter 4 [10]/[11] transform",done,"f0000120 ([5] 3, [6] 0.1667 s, [7] 1): the 360 keeps exactly three s1020 copies per emitter, born about 0.18 s apart, and spawns no more (private/xenia/glide_scale.txt / .jsonl, action 61 draw 0x82c711e0)"
2024,spawner,"as 2020, [8] an action-14 container",inferred,ffxbnd survey
2023,particle cluster,"[0] life [1] emission s [5] delay [6] count keys [8] interval [10] max (-1 = no cap) [11] appearance [12] emitter [13] motion 55 [14] transform [15] motion 1 [17] children",inferred,"f0000300 flames: 1-3 per 0.0333 s max 15; f0001218 sparks: 6 per 0.05 s for 0.2 s"
2034,particle cluster,"[0] appearance [1] emitter [2] motion 55 [3] transform [4] motion 1 [8] delay [9] interval (85) [10] count keys [11] emission s (85) [14] max [16] life (85) [17] children",inferred,"f0000300 node 2 booster smoke: 1 per 0.0167 s for 0.5 s, max 200, life 2"
2032,particle cluster,same as 2034,inferred,ffxbnd survey
36,transform,"offset xyz, rotation xyz (degrees), offset random xyz, rotation random xyz",inferred,"f0000300 flash offsets z 0.15 / 1.35 along the nozzle; Euler order YXZ assumed"
35,transform,"offset xyz, rotation xyz",inferred,f0001218 2023 [14]; f0000440 10003 nodes rotate x -90
1,node motion,"[0] speed range (81) [1] acceleration keys",inferred,all zero on the effects played so far
34,node motion,"[0]/[2]/[4] spin x/y/z keys, [1]/[3]/[5] random multipliers; radians per second assumed",inferred,f0000300 ignition flame spin z 5.24
55,cluster motion,"[0] gravity keys over particle age (positive falls) [1] speed change per second [2] gravity multiplier range",inferred,"f0000300 smoke gravity -3 (rises); f0001218 sparks 0->30 with drag 0->-5"
28,cone emitter,"[1] full apex angle (degrees) [3] speed (82 spread) [4]/[5]/[8] size x/y/z multipliers [9] colour keys",inferred,"f0001218 sparks: 180 degrees at 30 +-100%; f0000300 flames: 0.5 degrees, speed 0"
117,cone emitter,"[4] angle [6] speed [7]/[8]/[11] size multipliers [14] colour keys",inferred,f0000300 smoke: 180 degrees at 0.5
4,spawner emitter,[1] angle,inferred,2020/2024 [9]
59,billboard,"[0] texture [1]/[2] width/height keys (m) [7] blend (2 alpha on smoke, 4 additive on flames/flashes/sparks; others drawn additive) [8] colour keys [9] columns [10] frames [11] frame keys [21] start roll range (rad) [22] spin",inferred,"f0001218 node 2: tex 4022 4 m, roll 0..12.57; f0000300 glow tex 1037 1.8-2 m cyclic cyan"
107,sprite,"[2] texture [3]/[4] width/height [5] colour keys; drawn additive, [6] unread",inferred,f0001218: tex 1036 20 m
61,model,"[0] model id [1]-[3] scale xyz keys [7] uniform (1: Y and Z take the X curve) [8] blend [9] colour keys [15] frame keys [16] columns [17] frames [21] draw mode (2 = plain scaled model)",done,"f0001218 node 2: s4021 8x8x9.5 fading over 0.083 s; mode-2 draw 0x82c711d8: scale = curve x instance scale (+0x78/+0x7c/+0x80), Z also x [r27+0x40] (1.0 while gliding), def +0x20 model id, def +0xcc uniform flag set on f0000120's s1020 ([7] 1): drawn (x, x, x) (private/xenia/glide_scale.jsonl)"
24,point light,"[0] colour keys (alpha = intensity) [2] radius keys",inferred,"f0001218: orange 0->30 m over 0.083 s; lumens per alpha not game data (sfx.rs LIGHT_LUMENS)"
71,cluster billboard,"[1] texture [3] life (85) [5] blend [6] columns [7] frames [8] start frame range [9] frame keys [10]/[11] width/height keys over age [12] colour keys [13] tint range [14]-[16] start roll ranges [17]/[19]/[21] spin with ranges [18]/[20]/[22]",inferred,f0000300 smoke tex 1203 alpha blend; frame grid matches s5009 1024x128 = 8 columns of 128 with (8 8)
108,cluster model,"[1] model [2] life (85) [3]-[5] scale xyz keys [6] colour keys [7] tint range [8]/[10]/[12] spin xyz with ranges [9]/[11]/[13] [14]-[16] start roll ranges [17] columns [18] frames [19] frame keys [21] follow (1 stays on the emitter, 0 stays in the world). Mesh +Z stays on the emitter +Z, the dummy forward, unflipped as in the action 61 draw (s1011 is wide at the nozzle and thins along +Z: the f0000131 glide jet). Mesh UVs are already inside one atlas cell, so the frame index slides them instead of scaling them. Drawn additive. Slot 42 is present (2.75 / 3.5) but is not a spawn offset",inferred,"f0000300 flames s1020 (512x64 = 8 frames of 64, UVs about 0.05-0.08) blue->orange over 0.5 s, slot 21 = 1 so the jet stays on the nozzle; ground-dust models such as f0001406 have slot 21 = 0"
82,cluster point sprite,"[1] life (85) [2] blend [3] size keys [4] tint [9] colour keys",inferred,"f0001218 sparks; size unit unknown (drawn as POINT_SPRITE_METRES streaks)"
10003,spark burst,"[0] texture [1] life [2] blend [3] width [4] streak s [5] max [9] count [12] cone angle [14] speed range [16] gravity range",inferred,"f0000440 bullet hit: 10 / 20 sparks at 5.6-8.4 m/s, gravity 8.1-11.9"
43,distortion,"[3]/[4] width/height (m) [13] spin [14] texture (s1206_n, DXN / BC5 normal map). Drawn as a refractive quad (specular transmission) with mesh tangents. Index of refraction and thickness are not effect slots",inferred,"f0000300 node 1 at z 1.35 behind the nozzle, 1.2 m, spin -5"
40,ribbon trail,"[0] texture [7] width keys [9] sample interval [10] trail life [12] segments [16] colour keys",inferred,"f0000134 (white, alpha 0.24, width 0.06, 1 s, 16 segments) starts three times as a glide begins, from 0x828a8088 (private/xenia/glide_ids.jsonl); the thin curved white trails of private/xenia/shots/glide_3s6.png. Not drawn yet: its dummies are not known"
