extension,magic,format,system,parser,evidence
(none),07 00 00 00 (327) / other (16),unidentified,unclassified,todo,_unknown/_unknown: 343 hash-named files; 1056-byte samples begin 07 00 00 00 then FF padding
.ani,20 05 10 14 / A0 10 09 10 / 60 10 09 10,animation clip (proprietary),animation,done,acvd-formats::ani reads 23368 of 23410 clips (track kinds in ani_track_kinds.csv; 42 excused in container_exceptions.csv: kind 3 camera rows and 33 older-magic enemy clips); inside binders only: model/**/*_a.bnd.dcx; 13614 zlib-compressed in the binder
.bdt,BDF3 (script.bdt) / none (dvdbnd),360 archive data indexed by a sibling .bhd,disc,done,"acvd-formats::vfs::Disc reads bind/dvdbnd_layer0.bdt (2999281596 bytes) and dvdbnd_layer1.bdt (2229900824) at BHD5 entry offsets, and bind/script.bdt (BDF3 + version; data from 0x10) at BHF3 entry offsets, straight from the 360 ISO (XDVDFS game partition 0xfd90000)"
.bhd,BHD5 / BHF3,360 archive index (BHD5: hashed; BHF3: named BND3-style table),disc,done,"acvd-formats::bhd5: bind/dvdbnd5_layer{0,1}.bhd big-endian (u32 0 at 0x04; file size 0x0C; bucket count 0x10; bucket table 0x14; buckets count+offset; 16-byte entries hash size offset64); path hash h*37+c over the lowercase /-rooted path; 13479 + 3430 entries (names: private/x360/dvdbnd_names.csv). acvd-formats::bnd3::read_bhf3: bind/script.bhd format 0x2c (names + sizes; 0x14-byte entries) 1303 zlib Lua entries mapped to script/<name>"
.bin,mixed,PARAM tables (809); other binaries,params;unclassified,partial: PARAM done; param/acvparts.bin record catalogue read by acvd-formats::acv_parts (tail pending); headerless tuning binaries listed in system/paramlist.xml read through their .dbp; remaining binaries unidentified,PARAM header type string at 0x0C and 0xFF at 0x2C; 92 more inside param/regulation.bin binders
.bnd,BND3,BND3 binder (uncompressed),models;shaders;animation,done,acvd-formats::bnd3 reads all 387; every non-data byte rebuilt from header/table/names (2 template exceptions in container_exceptions.csv)
.bnd.dcx,DCX,DCX-compressed BND3 binder,models;animation,done,"acvd-formats::dcx expands all 3460; contents read by acvd-formats::bnd3. DCX DFLT (one zlib stream at 0x4C; DCP DFLT then 0x20 0x09000000 0 0 0 0x00010100) on 9404 of the 9412 .dcx files; EDGE (raw-deflate 64 KB chunks, the PS3 disc variant) on the other 8: model/ene/e9110-e9113 .tpf.dcx and _a.bnd.dcx, byte-identical to the PS3 disc copies (disccheck example: all named files and binders expand)"
.ccf,00 01 00 00,font glyph table (CCM padded to 0x20),fonts,done,acvd-formats::ccm; same body as the sibling .ccm (e10; e12; s1_xbox)
.ccm,00 01 00 0x,font character map,fonts,done,"acvd-formats::ccm reads every .ccm/.ccf: versions 0x10000/0x10001 (24-byte glyphs) and 0x10002 (28-byte; e14_ext j1_16_ext k1_ext); code groups then UV + pre_space/width/advance/texture"
.dbp,count u32,debug-menu layout of a headerless tuning binary,debug_menu,done,acvd-formats::dbp: u32 count; records (u32 type 0-6 = s8 u8 s16 u16 s32 u32 f32; 8 zero bytes; value step min max); Shift-JIS (label; printf format) pairs. system/paramlist.xml pairs each with param/<name>.bin = the values packed at natural alignment (sizes match exactly)
.def,PARAMDEF header,PARAMDEF (formats 101/103/104),params,done,acvd-formats::paramdef reads all 163
.drb.dcx,DCX,DCX-compressed DRB menu layout,ui,"done: acvd-formats::drb (all 70 named): dialogs, objects, shapes (Sprite/Mono*/Gouraud*/Text/Dialog/Null), textures; Text font/align/source (static RTS string, menu.fmg bank-1 message, runtime) from 360 DrbShape_createText 0x824ac270; Text word +0x0c, RPTC control properties and animation tables undecoded",lang/**/menu/*.drb.dcx (70) + 5 under _unknown/lang; expanded contents begin \0BRD
.emtm,PARAM header,PARAM (EVENT_MESSAGE_TEXT_MAP_ST),params;events,done,type string EVENT_MESSAGE_TEXT_MAP_ST at 0x0C
.evd,EVD\0,event script data,events,todo,event/mission/*.evd (52)
.fev,FEV1,FMOD Ex event project,sound,"partial: acvd-formats::fev reads version 0x003D0000 through sound defs (cue, first sound-def per layer, first wavetable entry); reverb and composition unread","sound/**/*.fev (167); cue names in sound_cues.csv"
.ffx,DLsE,FFX particle effect,effects,done,"acvd-formats::ffx reads all 1871 DLsE entries of sfx/acv_commoneffects.ffxbnd (test disc_effects); action slots in sheets/ffx_actions.csv; sfx/f0004092.ffx; f0004226.ffx; 20 empty entries"
.ffxbnd,BND3,BND3 binder of FFX effects,effects,done,sfx/acv_commoneffects.ffxbnd; menusfx/acv_commoneffects.ffxbnd; read by acvd-formats::bnd3
.flv,FLVER\0 B\0 0002000F,FLVER model (big-endian; versions 0x2000F/0x20009/0x2000E),models,done,acvd-formats::flver reads 8391 of 8399 (am0010.flv; e0210.flv + _l1.._l3 LODs) with every face set index in range; 8 pending (0x20007 and FLVER0) in container_exceptions.csv; header 0x4A/0x4B = 1 and 0x4C = 0xFFFF; big-endian 16-bit strips with 0xFFFF restarts (face set flags 0 / 0x80000000 plus LOD bits); one interleaved vertex buffer per mesh; signed-byte normals/tangents and reversed bone indices (vertex_types.csv); rendered by acvd-viewer
.fmg,00 01 00 00,FMG message bank,text,done,"acvd-formats::fmg: 1265 banks; encoding byte 1 = UTF-16BE (1250) or 0 = Shift-JIS (15 partsname_*.fmg); id groups then string offsets"
.fpo,10 2A 11 xx,Xenos pixel shader microcode,shaders,todo,"inside binders only: shader/*.bnd (Font.fpo; ZoomBlur_* in shader/filter_shader.bnd, read by hand for zoom_blur.wgsl); 679 entries"
.fsb,FSB4,FMOD Ex sound bank,sound,"done: acvd-formats::fsb reads the 48-byte header and each sample (name, length, loop, mode, payload); payloads are XMA2 (mode 0x01002020, acvd-formats::xma) or 16-bit PCM (mode 0x2130, big-endian when bank mode has 0x08); xmacheck example: 3316 samples decode",sound/**/*.fsb (94)
.hmd,10 00 01 17,hit model (*_h.hmd),models;maps,partial: version 0x4A9,acvd-formats::hmd: mesh records 0x3c (transform + parent + node/vertex offsets) / nodes 0x34 / triangles 10 bytes (vertex = u16>>1) / f32x3 verts; sheets/hmd.csv; examples/mapcheck: 2755 of 2847 *_h.hmd read (1-78 meshes); the 92 left are version 0x492 enemy hit models (model/ene)
.hnav,HNAV,navigation mesh,navigation,todo,model/map/ch_nav/*.hnav (59)
.htr,HTR\0 + '0001',height/terrain route data,navigation,todo,model/map/ch_nav/*.htr (59)
.ini,text,INI configuration,config;sound,todo,system/acv.ini [PATH]; sound/magicorchestra.ini
.lc,1B 4C 75 61 50,Lua 5.0 compiled chunk,ai,todo,"script/** in bind/script.bhd (1303 + 2 in load bundles); header 1B 4C 75 61 50 01 04 04 04 06 08 09 (little-endian), decompiled by unluac (tools/decompile-lua.ps1 -> private/lua360)"
.manifest,XMNP,Xbox 360 system update manifest,disc,n/a,$SystemUpdate/system.manifest on the 360 ISO (30980 bytes; dashboard update; not game data)
.mlb,00 00 00 10,unidentified model companion (*_m.mlb),models,todo,inside binders only: first entry of every model/**/*_m.bnd.dcx (am0010_m.mlb 5832 bytes); 2182 entries
.mqb,MQB ,MQB cutscene sequence,events,todo,inside binders only: model/poly/*.bnd (s100_100.mqb); 163 entries; all zlib-compressed in the binder
.msb,0098 9a6a,MSB map layout (param-based sections),maps,partial: PARTS_PARAM_ST + POINT_PARAM_ST,"acvd-formats::msb: sections chained by header (magic, type-name offset, n, n offsets: n-1 records then the next section); parts (name model kind translation rotation-deg scale; kind 0 map piece, 1 object, 2 enemy/AC) and points (name kind kind-index shape translation rotation-deg; kind 200 = start position); MODEL/EVENT/ROUTE/LAYER/TREE unread; examples/mapcheck: 349/349 read, the 77 model/map/ch_env/*_env.msb are another format"
.mtd,00 00 00 00,MTD material definition,models;shaders,todo,inside binders only: material/*.bnd (Map_Sky.mtd ...); 588 entries; material/mtd.bnd repeats 45 names with distinct ids
.param,PARAM header,PARAM table,params,done,_unknown/param/<hash>.param (972) + param/ (3)
.png,89 PNG,PNG image,ui,n/a,standard PNG; readable with the png crate
.properties,text,Java-style properties (logging/config),config,todo,system/*.properties (Shift-JIS comments)
.smd,SMD4,unidentified model companion (*_s.smd),models,todo,inside binders only: model/**/*_m.bnd.dcx (am0010_s.smd 24576 bytes); 2257 entries
.tae,TAE\0,TAE animation event timeline,animation,todo,tae/*.tae (621)
.tdf,text,TDF enum definition (Shift-JIS CSV),param_enums,todo,"param/tdf/*.tdf begin with ""ENUM_NAME"" then base type"
.tpf,TPF\0,TPF texture pack (uncompressed),textures,done,"acvd-formats::tpf reads all 1136 (+ 42 inside binders); platform byte 1 with 28-byte entries and Xenos tiled data that tpf::xenos untiles on 10552 of the 10556 packs; the 4 model/ene/e9110-e9113 packs keep the PS3 platform byte 2, 32-byte entries and linear chains (PS3 disc copies); every stored size matches; one truncated texture (e4050.tpf.dcx #9, container_exceptions.csv)"
.tpf.dcx,DCX,DCX-compressed TPF texture pack,textures;fonts;ui,done,acvd-formats::dcx + acvd-formats::tpf; 5877 on disc (expanded contents begin TPF\0) and 3501 inside binders
.tsmap,PARAM header,PARAM (AI_MESSAGE_SOUND_MAP),params;sound,done,type string AI_MESSAGE_SOUND_MAP at 0x0C
.txt,text,plain text lists,config,todo,system/deletechar.txt (UTF-16LE); oneshotsfxlist.txt
.vpo,10 2A 11 xx,Xenos vertex shader microcode,shaders,todo,inside binders only: shader/*.bnd (Font.vpo; ZoomBlur_* in shader/filter_shader.bnd); 853 entries
.wmv,30 26 B2 75 (ASF),Windows Media video,movies,todo,"movie/jp/*.wmv (23) loose on the ISO: ASF, WMV3 video 512x256 (512x512 emblems), WMA2 0x161 2ch 48 kHz; prologue and inisettings 1280x720 with WMA Pro 0x162 6ch; 1.7 or 10.3 Mbps"
.xex,XEX2,Xbox 360 executable,executable,done,default.xex on the 360 ISO; unpacked to private/x360/vd/ACV2.pe (base 0x82000000) for static RE
.xml,<?xml,XML definitions,missions;config;fonts,"partial: font/fontdef.xml read by acvd-formats::fontdef (ID -> CcmFile, RefFontID); others todo","mission (154); model (131); param (4); font (2); system (2); shader/flver_shader.bnd FlverShader.xml"
.xpr,XPR2,Xbox packed resource (360 texture),textures,todo,inside binders only on the 360 disc: model/break/*/*_t.bnd (b9000.xpr 67596 bytes ...); 11 entries
