def_prefix,group
bullet,bullet
weaponsfx,sfx
weaponsound,sound
enemy,enemy
noai,enemy
flocking,enemy
destroy,enemy
npcac,enemy
npccorps,enemy
friendac,enemy
accam,camera
camerablur,camera
opescancamera,camera
acai,ai
ai,ai
customaichip,ai
dlcaiparamset,ai
acpathcost,ai
atkpathcost,ai
escapepathcost,ai
acvmission,mission
acsisdisplay,menu
acfightmessage,event
acsound,sound
aa,ac_unit
ac,ac_unit
armaim,ac_unit
armweapon,ac_unit
motioncollate,ac_unit
growparts,ac_unit
coloringset,ac_unit
colorpalette,ac_unit
autoblink,ac_unit
paparam,ac_unit
mission,mission
submission,mission
chapter,mission
briefing,mission
battlemap,mission
worldarea,mission
custommap,mission
customlayout,mission
arena,mission
hardcore,mission
calcrating,mission
hometown,mission
eventmessage,event
charaevent,event
mapobj,map
mapsfx,sfx
envsfx,sfx
groundsfx,sfx
pasfx,sfx
sfx,sfx
reverb,sound
dof,render
highdof,render
contrast,render
postarization,render
tvfilter,render
zoomblur,render
linenoise,render
oldfilm,render
selfillume,render
shakednoize,render
filterdamagenoise,render
raindrop,render
garagelighting,render
performancethreshold,render
menumodel,menu
thumbnail,menu
emblem,menu
radar,menu
medal,menu
manual,menu
tutorial,menu
welcometips,menu
worldnews,menu
serverrequest,menu
screenshot,menu
systemcolor,menu
movieplay,menu
partsshop,progression
offineshop,progression
offlineexp,progression
playerexp,progression
class,progression
season,progression
faction,progression
customgarage,progression
