system,description,data_sources,data_status,runtime_status
executable,"Native game code: simulation, physics, AI host, rendering, menus","default.xex on the 360 disc, unpacked to private/x360/vd/ACV2.pe","done: Ghidra project private/ghidra360cli (ghidra-cli bridge; every .pdata function plus leaf targets, tools/ghidra/X360Pdata.java) and the static fact index private/index (tools/acvd-index: functions, calls, constants, fields, switches, vtables); load address = file offset + 0x82000000",n/a
disc,Disc file system and archives: every other system's files are read through it,"360 ISO (armoredcoredumps/): XDVDFS; bind/dvdbnd5_layer{0,1}.bhd + .bdt (BHD5); bind/script.bhd + .bdt (BHF3); load bundles bind/boot.bnd, bind/boot_2nd.bnd, bind/mission/ch*.bnd (BND3 members named by disc path); loose movie/jp/*.wmv","done: acvd-formats::xdvdfs, bhd5, bnd3::read_bhf3 / read_header, dcx DFLT and vfs::Disc list and read all 18855 360 files (16909 BHD5 entries, all named in private/x360/dvdbnd_names.csv: 2080 as _unknown/<dir>/<hash> (the PS3 disc's extracted names), read by hash; 161 real names from the 360 exe path formats; 42 by magic; 1303 script entries; 10 loose; 611 paths only inside load bundles) and expand every DCX and binder (examples/disccheck.rs)","done: every tool (acvd-game, acvd-viewer, acvd-menu, acvd-sheets) reads the 360 ISO by default (vfs::default_disc), or --disc <360 ISO>; the PS3 directory reader is deleted"
params,"Data tables: AC parts, bullets, enemies, AI tuning, cameras, missions, menus",PARAM files (.bin .param .emtm .tsmap) + param/def/*.def,done,"in progress: acvd-game reads AC_ASSEMBLY_DESIGN_ST presets, param/acvparts.bin (622 part records), and the default follow camera (accambehaviorparam row 0 with the legs' accameraoffsetparam row via motioncollate camera_param_id; sheets/camera_follow.csv), eased by its follow rates, pitched by right-stick Y / Up-Down (±70°), rolled by sideways speed, with the accameraaction row of its movement state setting FOV, eye follow rates, move shake and the eased eye distance / lift / side shift (placed from the waist, the eye on the AC's right and flipping with the turn direction), and the eye kept WaterStopYOffset above water under the AC (map .hmd / --water), and speed blur from horizontal / vertical speed through the zoom-blur filter (centre rectangle unblurred, 10-tap frame). Impact / foot-step shake (no trigger in free play) and the ready-position first-person view are not applied yet"
param_enums,Enum names for param columns (e.g. ON_OFF),param/tdf/*.tdf,todo: parse TDF into enum sheets,todo
text,"Localized message banks (parts, menus, missions, briefings)",lang/*/text/**/*.fmg; region/*.fmg; _unknown/*.fmg,done: acvd-formats::fmg (UTF-16BE; Shift-JIS partsname),in progress: acvd-game draws the English partsname_en.fmg head/core/legs names on the HUD with font e1_ext
fonts,Glyph maps and font definitions,font/**/*.ccm; *.ccf; fontdef.xml; glyph textures in .tpf,done: acvd-formats::ccm (all 26 .ccm + 3 .ccf),"in progress: acvd-game uploads font/e1_ext sheets (fontdef.xml ID 1) and lays out CCM glyphs as UI ImageNodes; acvd-render::menu loads any fontdef.xml ID for DRB Text (exact CcmFile: e10 has a .ccm and the .ccf fontdef uses). fontdef.xml $(Platform) is vfs::Disc::platform (xbox, registered by 0x82303150), so the 360 menus use font/s1_xbox, whose sheets text.rs reads from font/<name>/<name>_t.bnd when the extracted texture rows lack them"
textures,Texture packs,*.tpf; *.tpf.dcx (model/ image/ lang/),"done: BC1/BC3 with mip chains, untiled from the Xenos layout (tpf::xenos; the 4 e9110-e9113 platform-2 packs are linear); normal-map codes 23 (DXN) and 24/25 (CTX1) identified but not decoded",in progress: acvd-viewer uploads diffuse textures to Bevy
models,"AC parts, enemies and map geometry (FLVER inside BND3)",model/**/*.bnd; *.bnd.dcx,done: 8820 of 8828 FLVERs (8 pending: 0x20007 and FLVER0); 360 ISO 8391 of 8399 (same 8),"in progress: acvd-viewer renders rest-pose meshes; acvd-game assembles frame; arm and hanger weapons; booster and shoulder unit from assembly_slots.csv sockets with attach-info facing (360 0x8288cea0) on arms, hands, boosters and the hanger racks hgl0001/hgr0001; shoulder flag 5, recon mounts and LOD switching not yet; posed by the legs' motion set (see animation; no paint)"
weapons,"Arm/shoulder weapon fire, bullets, hits, weapon modes","param/acvparts.bin (category 10 firing fields, ac_part_fields.csv); param/bullet/*.bin; param/growpartsarmunitparam.bin","in progress: category 10 magazine, bullet_id, hit_id, init_speed, en_drain, reload_time, damage fields matched to growpartsarmunitparam (units of init_speed, reload_time and bullet gravity unconfirmed); shoulder (category 12) bullet ids at +356/+360 not added","in progress: acvd-game fires hand-weapon tracers (F/LMB/R2 right, C/RMB/L2 left) from the weapon-root joint along the camera aim with the bulletrigid/bulletenergy row. ready_position weapons play a00_001 while fire is held and shoot only after it ends, then a00_003 on release; a00_002 retriggers per shot. The arm's a00_001/003 plays on that side while deployed. Ready weapons play acmotion 78/75 then 79/76 (ac_states.csv); sniper rifles (kind 5) do not. The arm clip poses only the shoulder pads it animates; its other tracks are an identity hold and are not written, so the body stance keeps the arm. Tank motion sets do not ship anims 75/76/78/79. Every shot kicks the arm with its param/jcondata.bin control (gun_$(LR), sniper_$(LR) for kind 5; 360 0x8287f2d8, step 0x82beea90): delay, ramp over ReactTime, 30-frame settle. Firing raises the weapon arm: *_arm01 turns the barrel onto the aim (AimArm 0x8284a570 from 0x828a2488, raise blend 10, lower blend 60 via 0x82853660, held ~1 s after fire; probe private/xenia/armraise.txt). No hits, damage, missiles, blades, shoulder weapons or modes"
paint,AC paint: per-design colour sets applied through per-texture region masks,param/accolor/color<coloring_id>.bin (856 bytes each); <texture>_c BC1 masks beside every part texture (3789); param/coloringset.bin (For Answer presets 101-316),"in progress: accolor holds 34 six-colour RGBA sets in ColoringSetSt order (base aid aid2 optional joint kojima) - color5001 repeats one set for head/core/arms/legs, one more set, then one for the 7 weapon slots, then 22 sets matching head_t..legs_l_lb - plus a 40-byte trailer; _c masks keep G=255 and use five R levels (5-bit 6 12 20 24 27; glow textures only 6) with B 0 or 31 independently; 360 ACColor pixel shaders decoded (shader/flver_shader.bnd inside bind/boot.bnd): level index = floor(L*8+0.3) with L = lerp(R camouflage_map.x by B) once R >= 0.4375, colour = FC_AC_OverlayCol[min(index 6)] (c180..188) applied as an overlay blend over the diffuse map weighted by mask G; the CPU slot-to-accolor-channel fill is not traced yet",todo
maps,Map layouts and environment settings (param-based MSB),model/map/**/*.msb,partial: PARTS_PARAM_ST + POINT_PARAM_ST + .hmd hit models (sheets/hmd.csv),"in progress: acvd-game defaults to the garage AC test: map m4000 (m4000_map.msb, 550 parts: map pieces from m4000_m.dcx.bnd, objects from model/obj; textures from m4000_htdcx.bnd) drawn and collided (42384 hit triangles, objects included), the AC at m4000_actest.msb start point AC初期位置 (-324.65, 29, 649.5) yaw 90. --map / --layout pick others, --hits draws the hit meshes. Ground only: no AC-vs-wall collision yet. No map lighting / fog, LOD, broken (_b) models or the actest enemies. Water-named HMD materials are the water layer; m3100 / m4000 have none. SMD and the rest of MSB unread"
navigation,Navigation meshes and height data,model/map/ch_nav/*.hnav; *.htr,todo: HNAV/HTR readers,todo
animation,Animation event timelines (TAE) and skeletal animation in binders,tae/*.tae; model/**/*.bnd; model/ac/motion/**/*_a.bnd.dcx; param/motioncollate.bin,"in progress: .ani done (acvd-formats::ani; json/motions); legs select their set via acvparts byte 0x13d -> motioncollate.bin (ac_part_fields.csv, ac_motion.csv; all 91 legs resolve); TAE reader todo; frame rate not in the clips (60 fps assumed; 30 played too slow)","in progress: acvd-game skins every part to one joint hierarchy and plays the legs' motion_ow_disarm set, retargeting rotations onto each part's own bones; piloting picks clips per ac_states.csv through acmotion.bin (anim_id; b_loop) with the root bone held in place; P switches to the clip browser. clip changes crossfade per bone group from the acanimhokan.bin row motioncollate.HokanParamID + acmotion.InterpolateID (anim_blend.csv; hokan values assumed milliseconds, unverified). No TAE events, core control (upper body facing the aim while the legs strafe), upper/lower body layering, overed-weapon sets, boost_a or part *_a clips yet"
ai,AI behaviour scripts,script/**/*.lc in bind/script.bhd (1303),"in progress: all 1303 chunks decompiled with unluac (tools/decompile-lua.ps1, to private/lua360); Lua 5.0 little-endian header; the AI scripts keep LogAI debug strings; no sheet yet",todo
events,Mission event scripts,event/mission/*.evd,todo: EVD reader,todo
missions,Mission definitions and sub-missions,mission/**/*.xml; mission params,todo,todo
ui,Menu and HUD layouts plus menu images,lang/**/*.drb.dcx; image/**/*.tpf.dcx; PNG,"done: acvd-formats::drb dialogs/objects/shapes on all 69 layouts","in progress: acvd-render::menu draws a dialog tree (sprites with sibling-TPF textures, flips, quarter turns, blend 2 additive; mono/gouraud rects and frames; nested dialogs tinted by their Dialog color) in the acvd-menu viewer; Text in its fontdef font, aligned, from static strings and menu.fmg messages (runtime texts as --placeholders); acvd-game draws the sortie.drb lock-sight HUD with live hand-weapon ammo digits (AP/EN hidden: no game state); runtime image slots (>= 1000), AlphaAnimSprite gauges, NoiseSprite and animations not drawn"
effects,Particle and visual effects,sfx/*.ffxbnd; sfx/*.ffx; menusfx/*.ffxbnd,done: FFX reader; slots inferred (sheets/ffx_actions.csv),partial: acvd-game::sfx plays boosters / muzzle / tracer / hit effects; distortion and many actions not drawn
shaders,Xenos shader microcode in binders (.fpo pixel / .vpo vertex),shader/*.bnd,todo: replace with WGSL equivalents,todo
sound,Sound banks and event projects,sound/**/*.fsb; *.fev; magicorchestra.ini,"done: acvd-formats::fsb and ::fev (FEV1 0x003D0000 through sound defs); sheets/sound_cues.csv; 360 banks: acvd-formats::xma (XMA2, port of FFmpeg wmaprodec) decodes all 3097 XMA samples with 0 frame errors, fsb reads the 219 big-endian PCM16 samples (examples/xmacheck.rs)","in progress: acvd-game plays weapon shoot (w%08d from acweaponsoundparam by hit_id, else 299), boost start b00000000 and loop b00000010, and jump c00000024. Non-spatial. Leftover: reload/charge/fly, footsteps, b00000003 speed crossfade, 3D position, reverb, FFX action 68"
movies,Pre-rendered video,"movie/jp/*.wmv (23, loose on the ISO: ASF, WMV3 video, WMA2 or WMA Pro 6ch audio)",todo: no ASF demux or WMV3 (VC-1) decoder; formats recorded in formats.csv .wmv,todo
config,"Engine configuration, logging, install lists",system/*.ini; *.properties; *.list; *.txt; *.xml,todo,todo
debug_menu,Tuning binaries and their debug-menu layouts (AC behaviour; assembly; damage; missiles; AI; animation...),system/paramlist.xml; dbmenu/*.dbp; param/<name>.bin,done: every <Bin>/<Dbp> pair decoded into json/_tuning.json; tuning_fields.csv names the fields the runtime reads,in progress: acvd-game drives the AC with AcCtrlParam (ac_ctrl_calc.csv: leg/booster/core part stats and NewAcBehavior inputs through AcCtrlParamCalc.lua; every unit in tuning_fields.csv) including the over-max decay (field 438); non-boost air steering; the glide integrator; per-state max scaling and the dash acceleration multiplier are not applied yet
online,"PSN licenses, certificates and network service data",license/*.sdat (NPD); *.pem,n/a,n/a
unclassified,Unidentified hash-named files with no extension,_unknown/_unknown/* (343 files),todo: identify (magic 07 00 00 00 on 327 of them),todo
