key,value,evidence
title,Armored Core: Verdict Day,PS3_GAME/PARAM.SFO TITLE
title_id,BLUS31194 (North America),PS3_GAME/PARAM.SFO TITLE_ID; NP communication id NPWR04749_00
version,APP_VER 01.00 / VERSION 01.00 (no title update applied),PS3_GAME/PARAM.SFO
platform,PlayStation 3 (Cell PPU: 64-bit big-endian PowerPC with Altivec; 32-bit addressing),EBOOT.elf ELF64 MSB machine 0x15 OSABI 0x66 (CellOS Lv-2); PARAM.SFO PS3_SYSTEM_VER 04.46
executable,USRDIR/EBOOT.BIN: SCE SELF (encrypted); 12350128 bytes; decrypts to a 31446192-byte ELF,"magic 53 43 45 00; decrypted with RPCS3 --decrypt into private/exe/EBOOT.elf"
engine,"FromSoftware in-house engine (Dantelion2 / FD4 / GX modules), Armored Core V generation","Souls-family file magics on disc (DCX, BND3, TPF, TAE, FMG, PARAM/PARAMDEF); soulsmodding.wikidot.com game-engine page; Paramdex ships ACV/ACVD defs"
language,C++ compiled to native PPU code; Lua 5.0 bytecode for AI and scene scripts,"no managed runtime on disc; .lc files start 1B 4C 75 61 50 (Lua 5.0 'LuaP' header) and keep N:\AC... source paths"
runtime,No VM for game logic (native); embedded Lua 5.0 interpreter for scripts,.lc headers; airesource/script and scene/*.lc
build_type,Retail disc build; executable encrypted; Lua chunks keep debug info,SELF header; Lua source paths present in chunks
data_layout,"Loose-load layout: BHD/BDT archives already unpacked, unnamed entries hash-named under _unknown/","no bind/*.bhd on disc; _unknown/param/<hash>.param; ACVLooseLoader README describes the loose-load layout"
compression,DCX with EDGE (zlib chunks; PS3 Edge),DCX header DCS/DCP 'EDGE' on all 9426 .dcx files
audio_middleware,FMOD Ex (FSB4 sound banks; FEV1 event projects),sound/*.fsb magic FSB4; *.fev magic FEV1
video,PAMF (PlayStation movie container),movie/**/*.pam magic PAMF
legacy_data,Armored Core: For Answer era tables still on disc (PARAM/PARAMDEF format 101),29 v101 defs whose fields name ACfA factions (GA; Interior Union; Omer; ORCA) and Primal/Assault Armor; Paramdex ACFA defs match their layouts exactly
