file,index,label,ident,unit,status,evidence
param/newacbehavior.bin,226,重力(m/frame^2),gravity,(m/frame)/s,done,"360 builder 0x82821af0 stores it x 1/60 in the behaviour struct (index 0x69, +0x1a4, read from the global behaviour param +0x374); the vertical step 0x8281f960 subtracts that from the vertical speed (m/frame) once per 1/60 s tick, only while no vertical acceleration is applied. Xenia probe private/xenia/vertical.txt: -0.050 m/frame per 1/30 s game frame (2 ticks) at 1.5"
param/newacbehavior.bin,259,落下中の最高速度,fall_max_speed,km/h,done,"360 builder 0x82821af0 stores it x1000/216000 (km/h to m per 1/60 s frame, global param +0x3f0) at struct index 0x19 (+0x64)"
param/newacbehavior.bin,261,空気抵抗(ブーストモードOFF),air_drag,"fraction of speed per tick",done,"360 builder 0x82821af0 copies it unscaled (global param +0x3f8) to struct index 0x17 (object +0x60); the movement update 0x82824078, on frames no move action cleared its flag (+0x1c0, read by 0x82822a58), takes it in the air with boost mode off (0x8281f450 picks +0x60, or +0x5c = index 0x16 = Lua param 69 / param 48 with it on) and 0x8281e750 scales the horizontal speed by 1 - it per tick"
param/newacbehavior.bin,403,ジャンプ加速フレーム（タンク以外）,jump_accel_frames,ticks,done,"Label: jump acceleration frames, non-tank legs; the jump-time function keeps it x 1/60 as the jump's seconds (360 0x828590f8, matched by instruction pattern, not traced by hand). The jumps (360 movement slots +0x20..+0x28) add jump_rise_tick / 2 to the vertical acceleration each tick of it through 0x828210c8 / slot +0x18; the vertical step 0x8281f960 skips gravity meanwhile and has no cap for them: the frame start (slot +0x4, 0x8281fac0) zeroes +0x21c and the clamp is skipped below 0.01 km/h"
param/newacbehavior.bin,404,ジャンプ加速フレーム（タンク）,jump_accel_frames_tank,ticks,done,"Label: jump acceleration frames for tanks; the jump-time function (360 0x828590f8, pattern match) picks it over 403 through the tank vcall. Lua divides tank jump_v_speed by 30 instead of clamping it to 20, so a tank's 60 frames reach the take-off speed (jump_v_base / 60 m/frame) that 2 frames give other legs"
param/newacbehavior.bin,438,現在の最高速度を越えたときの減速率,over_max_decel,fraction of speed per tick,done,"360 builder 0x828212f8 copies it unscaled to movement +0x88 (0x8282158c; no Lua param overrides it). The integrator 0x82822ea0, when vtable slot +0xec (0x82826058: horizontal speed > current max 0x82822af0) holds, keeps the old speed with the new direction, then on frames with a move action (+0x1c0 clear) 0x8281e750 / 0x8281e6c0 scale the speed by 1 - it per 1/60 s tick, floored at the current max"
param/newacbehavior.bin,494,姿勢制御基本点,stability_base,"AcCtrlParamCalc input",done,"GetExcelParam(0) (Lua binding registered by 360 0x82869ac0; returns field 494+n); Lua line 893 move_stability"
param/newacbehavior.bin,495,安定制御基本底上げ率,stability_raise,AcCtrlParamCalc input,done,GetExcelParam(1); Lua line 893
param/newacbehavior.bin,496,安定制御基準値,stability_reference,AcCtrlParamCalc input,done,GetExcelParam(2); Lua line 893 (minus head balance)
param/newacbehavior.bin,497,脚部Ｔ⇒歩行加速,torque_to_walk_accel,AcCtrlParamCalc input,done,GetExcelParam(3); Lua line 946 walk_acc = torque / this
param/newacbehavior.bin,498,低速ブレーキ基本,brake_low_speed,AcCtrlParamCalc input,done,GetExcelParam(4); Lua line 951 lospeed_brake
param/newacbehavior.bin,499,高速ブレーキ基本,brake_high_speed,AcCtrlParamCalc input,done,GetExcelParam(5); Lua line 956 hispeed_brake
param/newacbehavior.bin,500,跳躍Ｔ⇒ジャンプ　垂直,jump_to_vertical,AcCtrlParamCalc input,done,GetExcelParam(6); Lua line 964 jump_v_speed
param/newacbehavior.bin,501,跳躍Ｔ⇒ジャンプ　水平,jump_to_horizontal,AcCtrlParamCalc input,done,GetExcelParam(7); Lua line 975 jump_h_acc
param/newacbehavior.bin,502,bst時加速＊1万がこの値で重力が０,boost_zero_gravity_accel,AcCtrlParamCalc input,done,GetExcelParam(8); Lua line 993 boost_gravity
param/newacbehavior.bin,507,重量1万時の飛翔影響,fly_weight_10000,AcCtrlParamCalc input,done,GetExcelParam(13); Lua line 910 fly_eff_a
param/newacbehavior.bin,526,空気抵抗,air_drag_base,AcCtrlParamCalc input,done,GetExcelParam(32); Lua line 1050 airRegistance_BoostOn
param/newacbehavior.bin,544,重量飛翔影響が摩擦に影響する率,fly_friction_rate,AcCtrlParamCalc input,done,GetExcelParam(50); Lua line 921 totalWeigthFrictionEff
param/acanimparam.bin,0,旋回再生スピード,turn_clip_speed,multiplier,done,Playback speed of the turn-on-the-spot clips.
param/staticdrawparam.bin,298,FEのAPゲージなどで色変更するときの時間(秒),gauge_color_time,s,done,"HUD setup 0x829d0290 copies +0x428 into each gauge controller (+0x18); the gauge update 0x82599090 moves the low-colour blend by dt / it toward 1 while the red-zone flag is set (0 otherwise), clamped 0..1, and lerps the gauge and digit colours from normal (+8/+0xc) to the low colour (+0x10)"
param/staticdrawparam.bin,305,FEのゲージが少なくなったときの色R,gauge_low_r,0-255,done,"HUD setup 0x829d0290 reads +0x444..+0x447 as the gauge controllers' low colour (RGBA, +0x10), the colour 0x82599090 fades to below the red zone"
param/staticdrawparam.bin,306,FEのゲージが少なくなったときの色G,gauge_low_g,0-255,done,"+0x445, see gauge_low_r"
param/staticdrawparam.bin,307,FEのゲージが少なくなったときの色B,gauge_low_b,0-255,done,"+0x446, see gauge_low_r"
param/staticdrawparam.bin,308,FEのゲージが少なくなったときの色A,gauge_low_a,0-255,done,"+0x447, see gauge_low_r"
param/staticdrawparam.bin,322,APゲージレッドゾーン割合,ap_red_zone,fraction of max AP,done,"+0x478; HUD per-frame update 0x829d0b30 (vtable 0x820c3010 slot 0x5c) passes 0x825b0510 (status AP +8 / max +0xc to 0x82593918: low when max != 0 and cur/max < it) as the AP gauge's low flag to 0x82599090"
param/staticdrawparam.bin,323,ENゲージレッドゾーン割合,en_red_zone,fraction of max EN,done,"+0x47c; HUD per-frame update 0x829d0b30 (vtable 0x820c3010 slot 0x5c) passes 0x825b0560 (status EN +0x10 / max +0x14 to 0x82593980, same test) as the EN gauge's low flag"
param/staticdrawparam.bin,324,残弾数ゲージレッドゾーン割合,ammo_red_zone,fraction of magazine,done,"+0x480; 0x825939e8 is the same cur/max < it test as AP and EN; its use by the weapon gauge update 0x829d0580 -> 0x829cfea0 is not traced (the rewrite applies it to rounds left / magazine)"
param/staticdrawparam.bin,299,ロックサイトの表示時のゲージアニメ時間(秒）,gauge_show_time,s,done,"+0x42c; HUD per-frame update 0x829d0b30 eases its show scale (this+0x3f0) over it and multiplies every gauge fill by that scale (Gauge_AP/EN via 0x82599090, Gauge_APEffect directly)"
